SET SCAN OFF;
SET DEFINE OFF;
SET ECHO ON;


ALTER SESSION SET NLS_DATE_FORMAT='YYYY-MM-DD HH24:MI:SS';
ALTER SESSION SET NLS_TIMESTAMP_FORMAT='YYYY-MM-DD HH24:MI:SS';



alter table DB_BUILD_HISTORY modify VERSION_LABEL VARCHAR2(50);

INSERT INTO DB_BUILD_HISTORY (VERSION_LABEL, START_DTTM, END_DTTM, VERSION_RANGE, APP_BLD_NO) 
  VALUES ('DOMBASE_20130503.2013.1.18.03',SYSDATE,SYSDATE,'DOM incremental Release for 2013.1','DOMBASE_20130503.2013.1.18.03');
  commit;

-- DBTicket MACR00850866

Insert into XSCREEN (XSCREEN_ID,NAME,DESCRIPTION,SCREEN_TYPE,SCREEN_VERSION,SCREEN_MODE,IS_RESIZABLE,CREATED_SOURCE,CREATED_SOURCE_TYPE,CREATED_DTTM,LAST_UPDATED_SOURCE,LAST_UPDATED_SOURCE_TYPE,LAST_UPDATED_DTTM,DEFAULT_X,DEFAULT_Y,DEFAULT_WIDTH,DEFAULT_HEIGHT) values (280001,'Process View','Process View',1,2,0,1,null,1,sysdate,null,1,sysdate,125,125,600,400);
Insert into XSCREEN (XSCREEN_ID,NAME,DESCRIPTION,SCREEN_TYPE,SCREEN_VERSION,SCREEN_MODE,IS_RESIZABLE,CREATED_SOURCE,CREATED_SOURCE_TYPE,CREATED_DTTM,LAST_UPDATED_SOURCE,LAST_UPDATED_SOURCE_TYPE,LAST_UPDATED_DTTM,DEFAULT_X,DEFAULT_Y,DEFAULT_WIDTH,DEFAULT_HEIGHT) values (280002,'Thread View','Thread View',1,2,0,1,null,1,sysdate,null,1,sysdate,125,125,600,400);
Insert into XSCREEN (XSCREEN_ID,NAME,DESCRIPTION,SCREEN_TYPE,SCREEN_VERSION,SCREEN_MODE,IS_RESIZABLE,CREATED_SOURCE,CREATED_SOURCE_TYPE,CREATED_DTTM,LAST_UPDATED_SOURCE,LAST_UPDATED_SOURCE_TYPE,LAST_UPDATED_DTTM,DEFAULT_X,DEFAULT_Y,DEFAULT_WIDTH,DEFAULT_HEIGHT) values (280003,'Object View','Object View',1,2,0,1,null,1,sysdate,null,1,sysdate,125,125,600,400);
Insert into XSCREEN (XSCREEN_ID,NAME,DESCRIPTION,SCREEN_TYPE,SCREEN_VERSION,SCREEN_MODE,IS_RESIZABLE,CREATED_SOURCE,CREATED_SOURCE_TYPE,CREATED_DTTM,LAST_UPDATED_SOURCE,LAST_UPDATED_SOURCE_TYPE,LAST_UPDATED_DTTM,DEFAULT_X,DEFAULT_Y,DEFAULT_WIDTH,DEFAULT_HEIGHT) values (280004,'Configuration View','Configuration View',1,2,0,1,null,1,sysdate,null,1,sysdate,125,125,600,400);
Insert into XSCREEN (XSCREEN_ID,NAME,DESCRIPTION,SCREEN_TYPE,SCREEN_VERSION,SCREEN_MODE,IS_RESIZABLE,CREATED_SOURCE,CREATED_SOURCE_TYPE,CREATED_DTTM,LAST_UPDATED_SOURCE,LAST_UPDATED_SOURCE_TYPE,LAST_UPDATED_DTTM,DEFAULT_X,DEFAULT_Y,DEFAULT_WIDTH,DEFAULT_HEIGHT) values (280005,'Dashboard View','Dashboard View',1,2,0,1,null,1,sysdate,null,1,sysdate,125,125,600,400);

Insert into XFIELD (XFIELD_ID,NAME,DESCRIPTION,XSCREEN_ID,IS_DISPLAYABLE,IS_FILTERABLE,IS_MOVABLE,IS_HEADER,DATATYPE,XTYPE,XURL,XPICKS,CREATED_SOURCE,CREATED_SOURCE_TYPE,CREATED_DTTM,LAST_UPDATED_SOURCE,LAST_UPDATED_SOURCE_TYPE,LAST_UPDATED_DTTM,BASE_PART_NAME,BASE_SECTION_NAME,IS_REQUIRED) values (SEQ_XFIELD_ID.NEXTVAL,'Process ID','Process ID',280001,1,1,1,1,0,0,null,null,null,1,sysdate,null,1,sysdate,'GENERAL','GENERAL',0);
Insert into XFIELD (XFIELD_ID,NAME,DESCRIPTION,XSCREEN_ID,IS_DISPLAYABLE,IS_FILTERABLE,IS_MOVABLE,IS_HEADER,DATATYPE,XTYPE,XURL,XPICKS,CREATED_SOURCE,CREATED_SOURCE_TYPE,CREATED_DTTM,LAST_UPDATED_SOURCE,LAST_UPDATED_SOURCE_TYPE,LAST_UPDATED_DTTM,BASE_PART_NAME,BASE_SECTION_NAME,IS_REQUIRED) values (SEQ_XFIELD_ID.NEXTVAL,'Process Name','Process Name',280001,1,1,1,1,0,1,'/manh/olm/mdf/data/ProcessName.json',null,null,1,sysdate,null,1,sysdate,'GENERAL','GENERAL',0);
Insert into XFIELD (XFIELD_ID,NAME,DESCRIPTION,XSCREEN_ID,IS_DISPLAYABLE,IS_FILTERABLE,IS_MOVABLE,IS_HEADER,DATATYPE,XTYPE,XURL,XPICKS,CREATED_SOURCE,CREATED_SOURCE_TYPE,CREATED_DTTM,LAST_UPDATED_SOURCE,LAST_UPDATED_SOURCE_TYPE,LAST_UPDATED_DTTM,BASE_PART_NAME,BASE_SECTION_NAME,IS_REQUIRED) values (SEQ_XFIELD_ID.NEXTVAL,'Process Status','Process Status',280001,1,1,1,1,0,1,'/manh/olm/mdf/data/status.json',null,null,1,sysdate,null,1,sysdate,'GENERAL','GENERAL',0);
Insert into XFIELD (XFIELD_ID,NAME,DESCRIPTION,XSCREEN_ID,IS_DISPLAYABLE,IS_FILTERABLE,IS_MOVABLE,IS_HEADER,DATATYPE,XTYPE,XURL,XPICKS,CREATED_SOURCE,CREATED_SOURCE_TYPE,CREATED_DTTM,LAST_UPDATED_SOURCE,LAST_UPDATED_SOURCE_TYPE,LAST_UPDATED_DTTM,BASE_PART_NAME,BASE_SECTION_NAME,IS_REQUIRED) values (SEQ_XFIELD_ID.NEXTVAL,'Process Start Time','Process Start Time',280001,1,1,1,1,6,5,null,null,null,1,sysdate,null,1,sysdate,'GENERAL','GENERAL',0);
Insert into XFIELD (XFIELD_ID,NAME,DESCRIPTION,XSCREEN_ID,IS_DISPLAYABLE,IS_FILTERABLE,IS_MOVABLE,IS_HEADER,DATATYPE,XTYPE,XURL,XPICKS,CREATED_SOURCE,CREATED_SOURCE_TYPE,CREATED_DTTM,LAST_UPDATED_SOURCE,LAST_UPDATED_SOURCE_TYPE,LAST_UPDATED_DTTM,BASE_PART_NAME,BASE_SECTION_NAME,IS_REQUIRED) values (SEQ_XFIELD_ID.NEXTVAL,'Process End Time','Process End Time',280001,1,1,1,1,6,5,null,null,null,1,sysdate,null,1,sysdate,'GENERAL','GENERAL',0);
Insert into XFIELD (XFIELD_ID,NAME,DESCRIPTION,XSCREEN_ID,IS_DISPLAYABLE,IS_FILTERABLE,IS_MOVABLE,IS_HEADER,DATATYPE,XTYPE,XURL,XPICKS,CREATED_SOURCE,CREATED_SOURCE_TYPE,CREATED_DTTM,LAST_UPDATED_SOURCE,LAST_UPDATED_SOURCE_TYPE,LAST_UPDATED_DTTM,BASE_PART_NAME,BASE_SECTION_NAME,IS_REQUIRED) values (SEQ_XFIELD_ID.NEXTVAL,'Server Name','Server Name',280001,1,1,1,1,0,0,null,null,null,1,sysdate,null,1,sysdate,'GENERAL','GENERAL',0);
Insert into XFIELD (XFIELD_ID,NAME,DESCRIPTION,XSCREEN_ID,IS_DISPLAYABLE,IS_FILTERABLE,IS_MOVABLE,IS_HEADER,DATATYPE,XTYPE,XURL,XPICKS,CREATED_SOURCE,CREATED_SOURCE_TYPE,CREATED_DTTM,LAST_UPDATED_SOURCE,LAST_UPDATED_SOURCE_TYPE,LAST_UPDATED_DTTM,BASE_PART_NAME,BASE_SECTION_NAME,IS_REQUIRED) values (SEQ_XFIELD_ID.NEXTVAL,'Thread Status','Thread Status',280002,1,1,1,1,0,1,'/manh/olm/mdf/data/status.json',null,null,1,sysdate,null,1,sysdate,'GENERAL','GENERAL',0);
Insert into XFIELD (XFIELD_ID,NAME,DESCRIPTION,XSCREEN_ID,IS_DISPLAYABLE,IS_FILTERABLE,IS_MOVABLE,IS_HEADER,DATATYPE,XTYPE,XURL,XPICKS,CREATED_SOURCE,CREATED_SOURCE_TYPE,CREATED_DTTM,LAST_UPDATED_SOURCE,LAST_UPDATED_SOURCE_TYPE,LAST_UPDATED_DTTM,BASE_PART_NAME,BASE_SECTION_NAME,IS_REQUIRED) values (SEQ_XFIELD_ID.NEXTVAL,'Thread Start Time','Thread Start Time',280002,1,1,1,1,6,5,null,null,null,1,sysdate,null,1,sysdate,'GENERAL','GENERAL',0);
Insert into XFIELD (XFIELD_ID,NAME,DESCRIPTION,XSCREEN_ID,IS_DISPLAYABLE,IS_FILTERABLE,IS_MOVABLE,IS_HEADER,DATATYPE,XTYPE,XURL,XPICKS,CREATED_SOURCE,CREATED_SOURCE_TYPE,CREATED_DTTM,LAST_UPDATED_SOURCE,LAST_UPDATED_SOURCE_TYPE,LAST_UPDATED_DTTM,BASE_PART_NAME,BASE_SECTION_NAME,IS_REQUIRED) values (SEQ_XFIELD_ID.NEXTVAL,'Thread End Time','Thread End Time',280002,1,1,1,1,6,5,null,null,null,1,sysdate,null,1,sysdate,'GENERAL','GENERAL',0);
Insert into XFIELD (XFIELD_ID,NAME,DESCRIPTION,XSCREEN_ID,IS_DISPLAYABLE,IS_FILTERABLE,IS_MOVABLE,IS_HEADER,DATATYPE,XTYPE,XURL,XPICKS,CREATED_SOURCE,CREATED_SOURCE_TYPE,CREATED_DTTM,LAST_UPDATED_SOURCE,LAST_UPDATED_SOURCE_TYPE,LAST_UPDATED_DTTM,BASE_PART_NAME,BASE_SECTION_NAME,IS_REQUIRED) values (SEQ_XFIELD_ID.NEXTVAL,'Process ID','Process ID',280002,1,1,1,1,0,0,null,null,null,1,sysdate,null,1,sysdate,'GENERAL','GENERAL',0);
Insert into XFIELD (XFIELD_ID,NAME,DESCRIPTION,XSCREEN_ID,IS_DISPLAYABLE,IS_FILTERABLE,IS_MOVABLE,IS_HEADER,DATATYPE,XTYPE,XURL,XPICKS,CREATED_SOURCE,CREATED_SOURCE_TYPE,CREATED_DTTM,LAST_UPDATED_SOURCE,LAST_UPDATED_SOURCE_TYPE,LAST_UPDATED_DTTM,BASE_PART_NAME,BASE_SECTION_NAME,IS_REQUIRED) values (SEQ_XFIELD_ID.NEXTVAL,'Process ID','Process ID',280003,1,1,1,1,0,0,null,null,null,1,sysdate,null,1,sysdate,'GENERAL','GENERAL',0);
Insert into XFIELD (XFIELD_ID,NAME,DESCRIPTION,XSCREEN_ID,IS_DISPLAYABLE,IS_FILTERABLE,IS_MOVABLE,IS_HEADER,DATATYPE,XTYPE,XURL,XPICKS,CREATED_SOURCE,CREATED_SOURCE_TYPE,CREATED_DTTM,LAST_UPDATED_SOURCE,LAST_UPDATED_SOURCE_TYPE,LAST_UPDATED_DTTM,BASE_PART_NAME,BASE_SECTION_NAME,IS_REQUIRED) values (SEQ_XFIELD_ID.NEXTVAL,'Thread Name','Thread Name',280003,1,1,1,1,0,0,null,null,null,1,sysdate,null,1,sysdate,'GENERAL','GENERAL',0);
Insert into XFIELD (XFIELD_ID,NAME,DESCRIPTION,XSCREEN_ID,IS_DISPLAYABLE,IS_FILTERABLE,IS_MOVABLE,IS_HEADER,DATATYPE,XTYPE,XURL,XPICKS,CREATED_SOURCE,CREATED_SOURCE_TYPE,CREATED_DTTM,LAST_UPDATED_SOURCE,LAST_UPDATED_SOURCE_TYPE,LAST_UPDATED_DTTM,BASE_PART_NAME,BASE_SECTION_NAME,IS_REQUIRED) values (SEQ_XFIELD_ID.NEXTVAL,'ReferenceID','Object ID',280003,1,1,1,1,0,0,null,null,null,1,sysdate,null,1,sysdate,'GENERAL','GENERAL',0);
Insert into XFIELD (XFIELD_ID,NAME,DESCRIPTION,XSCREEN_ID,IS_DISPLAYABLE,IS_FILTERABLE,IS_MOVABLE,IS_HEADER,DATATYPE,XTYPE,XURL,XPICKS,CREATED_SOURCE,CREATED_SOURCE_TYPE,CREATED_DTTM,LAST_UPDATED_SOURCE,LAST_UPDATED_SOURCE_TYPE,LAST_UPDATED_DTTM,BASE_PART_NAME,BASE_SECTION_NAME,IS_REQUIRED) values (SEQ_XFIELD_ID.NEXTVAL,'Reference Type','Object Type',280003,1,1,1,1,0,1,'/manh/olm/mdf/data/ReferenceType.json',null,null,1,sysdate,null,1,sysdate,'GENERAL','GENERAL',0);
Insert into XFIELD (XFIELD_ID,NAME,DESCRIPTION,XSCREEN_ID,IS_DISPLAYABLE,IS_FILTERABLE,IS_MOVABLE,IS_HEADER,DATATYPE,XTYPE,XURL,XPICKS,CREATED_SOURCE,CREATED_SOURCE_TYPE,CREATED_DTTM,LAST_UPDATED_SOURCE,LAST_UPDATED_SOURCE_TYPE,LAST_UPDATED_DTTM,BASE_PART_NAME,BASE_SECTION_NAME,IS_REQUIRED) values (SEQ_XFIELD_ID.NEXTVAL,'Thread ID','Thread ID',280003,1,1,1,1,0,0,null,null,null,1,sysdate,null,1,sysdate,'GENERAL','GENERAL',0);
--2013.1 Change

-- DBTicket MACR00840743

--Permisson--
EXEC sequpdt('PERMISSION','PERMISSION_ID','SEQ_PERMISSION_ID');
INSERT INTO PERMISSION(PERMISSION_ID, PERMISSION_NAME, IS_ACTIVE, COMPANY_ID, PERMISSION_CODE) 
VALUES(SEQ_PERMISSION_ID.NEXTVAL, 'NXGN Apply Coupons', 1, -1, 'NXGN_AC');

INSERT INTO PERMISSION(PERMISSION_ID, PERMISSION_NAME, IS_ACTIVE, COMPANY_ID, PERMISSION_CODE) 
VALUES(SEQ_PERMISSION_ID.NEXTVAL, 'NXGN Create Customer Order', 1, -1, 'NXGN_CCO');

INSERT INTO PERMISSION(PERMISSION_ID, PERMISSION_NAME, IS_ACTIVE, COMPANY_ID, PERMISSION_CODE) 
VALUES(SEQ_PERMISSION_ID.NEXTVAL, 'NXGN Edit Customer Order', 1, -1, 'NXGN_ECO');

INSERT INTO PERMISSION(PERMISSION_ID, PERMISSION_NAME, IS_ACTIVE, COMPANY_ID, PERMISSION_CODE) 
VALUES(SEQ_PERMISSION_ID.NEXTVAL, 'NXGN Apply Promotions', 1, -1, 'NXGN_AP');

INSERT INTO PERMISSION(PERMISSION_ID, PERMISSION_NAME, IS_ACTIVE, COMPANY_ID, PERMISSION_CODE) 
VALUES(SEQ_PERMISSION_ID.NEXTVAL, 'NXGN Apply Appeasements', 1, -1, 'NXGN_AA');

INSERT INTO PERMISSION(PERMISSION_ID, PERMISSION_NAME, IS_ACTIVE, COMPANY_ID, PERMISSION_CODE) 
VALUES(SEQ_PERMISSION_ID.NEXTVAL, 'NXGN Cancel Customer Order', 1, -1, 'NXGN_CACO');

INSERT INTO PERMISSION(PERMISSION_ID, PERMISSION_NAME, IS_ACTIVE, COMPANY_ID, PERMISSION_CODE) 
VALUES(SEQ_PERMISSION_ID.NEXTVAL, 'NXGN Hold Customer Order', 1, -1, 'NXGN_HCO');

INSERT INTO PERMISSION(PERMISSION_ID, PERMISSION_NAME, IS_ACTIVE, COMPANY_ID, PERMISSION_CODE) 
VALUES(SEQ_PERMISSION_ID.NEXTVAL, 'NXGN Override Price', 1, -1, 'NXGN_PO');

INSERT INTO PERMISSION(PERMISSION_ID, PERMISSION_NAME, IS_ACTIVE, COMPANY_ID, PERMISSION_CODE) 
VALUES(SEQ_PERMISSION_ID.NEXTVAL, 'NXGN Override SnH Charges', 1, -1, 'NXGN_SnH');

INSERT INTO PERMISSION(PERMISSION_ID, PERMISSION_NAME, IS_ACTIVE, COMPANY_ID, PERMISSION_CODE) 
VALUES(SEQ_PERMISSION_ID.NEXTVAL, 'NXGN Create Order for all stores', 1, -1, 'NXGN_COS');

INSERT INTO PERMISSION(PERMISSION_ID, PERMISSION_NAME, IS_ACTIVE, COMPANY_ID, PERMISSION_CODE) 
VALUES(SEQ_PERMISSION_ID.NEXTVAL, 'NXGN View Prices for all stores', 1, -1, 'NXGN_VPS');

INSERT INTO PERMISSION(PERMISSION_ID, PERMISSION_NAME, IS_ACTIVE, COMPANY_ID, PERMISSION_CODE) 
VALUES(SEQ_PERMISSION_ID.NEXTVAL, 'NXGN Create or Update Customer Master', 1, -1, 'NXGN_CUC');

INSERT INTO PERMISSION(PERMISSION_ID, PERMISSION_NAME, IS_ACTIVE, COMPANY_ID, PERMISSION_CODE) 
VALUES(SEQ_PERMISSION_ID.NEXTVAL, 'NXGN Override Validations for Price Override', 1, -1, 'NXGN_OSVPO');

--Inharitance-

INSERT INTO PERMISSION_INHERITANCE(PARENT_PERMISSION_ID, CHILD_PERMISSION_ID)
     VALUES((SELECT PERMISSION_ID FROM PERMISSION where PERMISSION_CODE = 'NXGN_ECO'),
     (SELECT PERMISSION_ID FROM PERMISSION where PERMISSION_CODE = 'NXGN_CCO'));
          
     INSERT INTO PERMISSION_INHERITANCE(PARENT_PERMISSION_ID, CHILD_PERMISSION_ID)
     VALUES((SELECT PERMISSION_ID FROM PERMISSION where PERMISSION_CODE = 'NXGN_ECO'),
     (SELECT PERMISSION_ID FROM PERMISSION where PERMISSION_CODE = 'NXGN_CACO'));
     
     INSERT INTO PERMISSION_INHERITANCE(PARENT_PERMISSION_ID, CHILD_PERMISSION_ID)
     VALUES((SELECT PERMISSION_ID FROM PERMISSION where PERMISSION_CODE = 'NXGN_ECO'),
     (SELECT PERMISSION_ID FROM PERMISSION where PERMISSION_CODE = 'NXGN_HCO'));
     
     INSERT INTO PERMISSION_INHERITANCE(PARENT_PERMISSION_ID, CHILD_PERMISSION_ID)
     VALUES((SELECT PERMISSION_ID FROM PERMISSION where PERMISSION_CODE = 'NXGN_ECO'),
     (SELECT PERMISSION_ID FROM PERMISSION where PERMISSION_CODE = 'NXGN_CUC'));
     
     INSERT INTO PERMISSION_INHERITANCE(PARENT_PERMISSION_ID, CHILD_PERMISSION_ID)
     VALUES((SELECT PERMISSION_ID FROM PERMISSION where PERMISSION_CODE = 'NXGN_AP'),
     (SELECT PERMISSION_ID FROM PERMISSION where PERMISSION_CODE = 'NXGN_ECO'));
     
     INSERT INTO PERMISSION_INHERITANCE(PARENT_PERMISSION_ID, CHILD_PERMISSION_ID)
     VALUES((SELECT PERMISSION_ID FROM PERMISSION where PERMISSION_CODE = 'NXGN_AA'),
     (SELECT PERMISSION_ID FROM PERMISSION where PERMISSION_CODE = 'NXGN_ECO'));
     
     INSERT INTO PERMISSION_INHERITANCE(PARENT_PERMISSION_ID, CHILD_PERMISSION_ID)
     VALUES((SELECT PERMISSION_ID FROM PERMISSION where PERMISSION_CODE = 'NXGN_PO'),
     (SELECT PERMISSION_ID FROM PERMISSION where PERMISSION_CODE = 'NXGN_ECO'));
     
     INSERT INTO PERMISSION_INHERITANCE(PARENT_PERMISSION_ID, CHILD_PERMISSION_ID)
     VALUES((SELECT PERMISSION_ID FROM PERMISSION where PERMISSION_CODE = 'NXGN_SnH'),
     (SELECT PERMISSION_ID FROM PERMISSION where PERMISSION_CODE = 'NXGN_ECO'));
     

--APP_MOD_PERM--

INSERT INTO APP_MOD_PERM(APP_ID, MODULE_ID, PERMISSION_ID, ROW_UID) 
VALUES((select app_id from app where app_name ='Distributed Order Management'),
(select module_id from module where MODULE_CODE ='DOM' ),
(select PERMISSION_ID from PERMISSION where PERMISSION_CODE='NXGN_ECO'),
(select max(ROW_UID)+4 from app_mod_perm));

INSERT INTO APP_MOD_PERM(APP_ID, MODULE_ID, PERMISSION_ID, ROW_UID) 
VALUES((select app_id from app where app_name ='Distributed Order Management'),
(select module_id from module where MODULE_CODE ='DOM' ),
(select PERMISSION_ID from PERMISSION where PERMISSION_CODE='NXGN_AC'),
(select max(ROW_UID)+4 from app_mod_perm));

INSERT INTO APP_MOD_PERM(APP_ID, MODULE_ID, PERMISSION_ID, ROW_UID) 
VALUES((select app_id from app where app_name ='Distributed Order Management'),
(select module_id from module where MODULE_CODE ='DOM' ),
(select PERMISSION_ID from PERMISSION where PERMISSION_CODE='NXGN_CUC'),
(select max(ROW_UID)+4 from app_mod_perm));

INSERT INTO APP_MOD_PERM(APP_ID, MODULE_ID, PERMISSION_ID, ROW_UID) 
VALUES((select app_id from app where app_name ='Distributed Order Management'),
(select module_id from module where MODULE_CODE ='DOM' ),
(select PERMISSION_ID from PERMISSION where PERMISSION_CODE='NXGN_AP'),
(select max(ROW_UID)+4 from app_mod_perm));


INSERT INTO APP_MOD_PERM(APP_ID, MODULE_ID, PERMISSION_ID, ROW_UID) 
VALUES((select app_id from app where app_name ='Distributed Order Management'),
(select module_id from module where MODULE_CODE ='DOM' ),
(select PERMISSION_ID from PERMISSION where PERMISSION_CODE='NXGN_AA'),
(select max(ROW_UID)+4 from app_mod_perm));

INSERT INTO APP_MOD_PERM(APP_ID, MODULE_ID, PERMISSION_ID, ROW_UID) 
VALUES((select app_id from app where app_name ='Distributed Order Management'),
(select module_id from module where MODULE_CODE ='DOM' ),
(select PERMISSION_ID from PERMISSION where PERMISSION_CODE='NXGN_CACO'),
(select max(ROW_UID)+4 from app_mod_perm));

INSERT INTO APP_MOD_PERM(APP_ID, MODULE_ID, PERMISSION_ID, ROW_UID) 
VALUES((select app_id from app where app_name ='Distributed Order Management'),
(select module_id from module where MODULE_CODE ='DOM' ),
(select PERMISSION_ID from PERMISSION where PERMISSION_CODE='NXGN_HCO'),
(select max(ROW_UID)+4 from app_mod_perm));

INSERT INTO APP_MOD_PERM(APP_ID, MODULE_ID, PERMISSION_ID, ROW_UID) 
VALUES((select app_id from app where app_name ='Distributed Order Management'),
(select module_id from module where MODULE_CODE ='DOM' ),
(select PERMISSION_ID from PERMISSION where PERMISSION_CODE='NXGN_PO'),
(select max(ROW_UID)+4 from app_mod_perm));


INSERT INTO APP_MOD_PERM(APP_ID, MODULE_ID, PERMISSION_ID, ROW_UID) 
VALUES((select app_id from app where app_name ='Distributed Order Management'),
(select module_id from module where MODULE_CODE ='DOM' ),
(select PERMISSION_ID from PERMISSION where PERMISSION_CODE='NXGN_SnH'),
(select max(ROW_UID)+4 from app_mod_perm));

INSERT INTO APP_MOD_PERM(APP_ID, MODULE_ID, PERMISSION_ID, ROW_UID) 
VALUES((select app_id from app where app_name ='Distributed Order Management'),
(select module_id from module where MODULE_CODE ='DOM' ),
(select PERMISSION_ID from PERMISSION where PERMISSION_CODE='NXGN_COS'),
(select max(ROW_UID)+4 from app_mod_perm));



INSERT INTO APP_MOD_PERM(APP_ID, MODULE_ID, PERMISSION_ID, ROW_UID) 
VALUES((select app_id from app where app_name ='Distributed Order Management'),
(select module_id from module where MODULE_CODE ='DOM' ),
(select PERMISSION_ID from PERMISSION where PERMISSION_CODE='NXGN_VPS'),
(select max(ROW_UID)+4 from app_mod_perm));

INSERT INTO APP_MOD_PERM(APP_ID, MODULE_ID, PERMISSION_ID, ROW_UID) 
VALUES((select app_id from app where app_name ='Distributed Order Management'),
(select module_id from module where MODULE_CODE ='DOM' ),
(select PERMISSION_ID from PERMISSION where PERMISSION_CODE='NXGN_CCO'),
(select max(ROW_UID)+4 from app_mod_perm));

INSERT INTO APP_MOD_PERM(APP_ID, MODULE_ID, PERMISSION_ID, ROW_UID) 
VALUES((select app_id from app where app_name ='Distributed Order Management'),
(select module_id from module where MODULE_CODE ='DOM' ),
(select PERMISSION_ID from PERMISSION where PERMISSION_CODE='NXGN_OSVPO'),
(select max(ROW_UID)+4 from app_mod_perm));

--COMPANY_TYPE_PERM--

INSERT INTO COMPANY_TYPE_PERM(COMPANY_TYPE_ID, PERMISSION_ID, ROW_UID) 
    VALUES((SELECT COMPANY_TYPE_ID FROM COMPANY_TYPE WHERE LOWER(DESCRIPTION) = LOWER('Shipper')),
           (SELECT PERMISSION_ID FROM PERMISSION where PERMISSION_CODE = 'NXGN_ECO'),
           (SELECT MAX(ROW_UID)+4 FROM COMPANY_TYPE_PERM));
           
           INSERT INTO COMPANY_TYPE_PERM(COMPANY_TYPE_ID, PERMISSION_ID, ROW_UID) 
    VALUES((SELECT COMPANY_TYPE_ID FROM COMPANY_TYPE WHERE LOWER(DESCRIPTION) = LOWER('Shipper')),
           (SELECT PERMISSION_ID FROM PERMISSION where PERMISSION_CODE = 'NXGN_AC'),
           (SELECT MAX(ROW_UID)+4 FROM COMPANY_TYPE_PERM));
           
           INSERT INTO COMPANY_TYPE_PERM(COMPANY_TYPE_ID, PERMISSION_ID, ROW_UID) 
    VALUES((SELECT COMPANY_TYPE_ID FROM COMPANY_TYPE WHERE LOWER(DESCRIPTION) = LOWER('Shipper')),
           (SELECT PERMISSION_ID FROM PERMISSION where PERMISSION_CODE = 'NXGN_CUC'),
           (SELECT MAX(ROW_UID)+4 FROM COMPANY_TYPE_PERM));
           
           INSERT INTO COMPANY_TYPE_PERM(COMPANY_TYPE_ID, PERMISSION_ID, ROW_UID) 
    VALUES((SELECT COMPANY_TYPE_ID FROM COMPANY_TYPE WHERE LOWER(DESCRIPTION) = LOWER('Shipper')),
           (SELECT PERMISSION_ID FROM PERMISSION where PERMISSION_CODE = 'NXGN_AP'),
           (SELECT MAX(ROW_UID)+4 FROM COMPANY_TYPE_PERM));
           
           
INSERT INTO COMPANY_TYPE_PERM(COMPANY_TYPE_ID, PERMISSION_ID, ROW_UID) 
    VALUES((SELECT COMPANY_TYPE_ID FROM COMPANY_TYPE WHERE LOWER(DESCRIPTION) = LOWER('Shipper')),
           (SELECT PERMISSION_ID FROM PERMISSION where PERMISSION_CODE = 'NXGN_AA'),
           (SELECT MAX(ROW_UID)+4 FROM COMPANY_TYPE_PERM));

           
           INSERT INTO COMPANY_TYPE_PERM(COMPANY_TYPE_ID, PERMISSION_ID, ROW_UID) 
    VALUES((SELECT COMPANY_TYPE_ID FROM COMPANY_TYPE WHERE LOWER(DESCRIPTION) = LOWER('Shipper')),
           (SELECT PERMISSION_ID FROM PERMISSION where PERMISSION_CODE = 'NXGN_CACO'),
           (SELECT MAX(ROW_UID)+4 FROM COMPANY_TYPE_PERM));
           
           
INSERT INTO COMPANY_TYPE_PERM(COMPANY_TYPE_ID, PERMISSION_ID, ROW_UID) 
    VALUES((SELECT COMPANY_TYPE_ID FROM COMPANY_TYPE WHERE LOWER(DESCRIPTION) = LOWER('Shipper')),
           (SELECT PERMISSION_ID FROM PERMISSION where PERMISSION_CODE = 'NXGN_HCO'),
           (SELECT MAX(ROW_UID)+4 FROM COMPANY_TYPE_PERM));
           
           INSERT INTO COMPANY_TYPE_PERM(COMPANY_TYPE_ID, PERMISSION_ID, ROW_UID) 
    VALUES((SELECT COMPANY_TYPE_ID FROM COMPANY_TYPE WHERE LOWER(DESCRIPTION) = LOWER('Shipper')),
           (SELECT PERMISSION_ID FROM PERMISSION where PERMISSION_CODE = 'NXGN_PO'),
           (SELECT MAX(ROW_UID)+4 FROM COMPANY_TYPE_PERM));
           
           
           INSERT INTO COMPANY_TYPE_PERM(COMPANY_TYPE_ID, PERMISSION_ID, ROW_UID) 
    VALUES((SELECT COMPANY_TYPE_ID FROM COMPANY_TYPE WHERE LOWER(DESCRIPTION) = LOWER('Shipper')),
           (SELECT PERMISSION_ID FROM PERMISSION where PERMISSION_CODE = 'NXGN_SnH'),
           (SELECT MAX(ROW_UID)+4 FROM COMPANY_TYPE_PERM));
           
           INSERT INTO COMPANY_TYPE_PERM(COMPANY_TYPE_ID, PERMISSION_ID, ROW_UID) 
    VALUES((SELECT COMPANY_TYPE_ID FROM COMPANY_TYPE WHERE LOWER(DESCRIPTION) = LOWER('Shipper')),
           (SELECT PERMISSION_ID FROM PERMISSION where PERMISSION_CODE = 'NXGN_COS'),
           (SELECT MAX(ROW_UID)+4 FROM COMPANY_TYPE_PERM));
           
           
INSERT INTO COMPANY_TYPE_PERM(COMPANY_TYPE_ID, PERMISSION_ID, ROW_UID) 
    VALUES((SELECT COMPANY_TYPE_ID FROM COMPANY_TYPE WHERE LOWER(DESCRIPTION) = LOWER('Shipper')),
           (SELECT PERMISSION_ID FROM PERMISSION where PERMISSION_CODE = 'NXGN_VPS'),
           (SELECT MAX(ROW_UID)+4 FROM COMPANY_TYPE_PERM));
           
           INSERT INTO COMPANY_TYPE_PERM(COMPANY_TYPE_ID, PERMISSION_ID, ROW_UID) 
    VALUES((SELECT COMPANY_TYPE_ID FROM COMPANY_TYPE WHERE LOWER(DESCRIPTION) = LOWER('Shipper')),
           (SELECT PERMISSION_ID FROM PERMISSION where PERMISSION_CODE = 'NXGN_CCO'),
           (SELECT MAX(ROW_UID)+4 FROM COMPANY_TYPE_PERM));
           
           
           INSERT INTO COMPANY_TYPE_PERM(COMPANY_TYPE_ID, PERMISSION_ID, ROW_UID) 
    VALUES((SELECT COMPANY_TYPE_ID FROM COMPANY_TYPE WHERE LOWER(DESCRIPTION) = LOWER('Shipper')),
           (SELECT PERMISSION_ID FROM PERMISSION where PERMISSION_CODE = 'NXGN_OSVPO'),
           (SELECT MAX(ROW_UID)+4 FROM COMPANY_TYPE_PERM));
           
           --RELTP_APP_MOD_PERM--
           
           
INSERT INTO RELTP_APP_MOD_PERM(RELATIONSHIP_TYPE_ID,APP_ID,MODULE_ID,PERMISSION_ID,ROW_UID,IS_PERM_IMPLIED) 
    VALUES ((SELECT RELATIONSHIP_TYPE_ID FROM RELATIONSHIP_TYPE WHERE LOWER(DESCRIPTION) = LOWER('Business Partner') 
                AND COMPANY_TYPE_ID = (SELECT COMPANY_TYPE_ID FROM COMPANY_TYPE WHERE LOWER(DESCRIPTION) = LOWER('Shipper'))),
           (SELECT APP_ID FROM APP WHERE APP_NAME='Distributed Order Management'),
           (SELECT MODULE_ID FROM MODULE WHERE MODULE_CODE = 'DOM'),
           (SELECT PERMISSION_ID FROM PERMISSION WHERE PERMISSION_CODE='NXGN_ECO'),
           (SELECT MAX(ROW_UID)+4 from RELTP_APP_MOD_PERM), 0);
           
           
           INSERT INTO RELTP_APP_MOD_PERM(RELATIONSHIP_TYPE_ID,APP_ID,MODULE_ID,PERMISSION_ID,ROW_UID,IS_PERM_IMPLIED) 
    VALUES ((SELECT RELATIONSHIP_TYPE_ID FROM RELATIONSHIP_TYPE WHERE LOWER(DESCRIPTION) = LOWER('Business Partner') 
                AND COMPANY_TYPE_ID = (SELECT COMPANY_TYPE_ID FROM COMPANY_TYPE WHERE LOWER(DESCRIPTION) = LOWER('Shipper'))),
           (SELECT APP_ID FROM APP WHERE APP_NAME='Distributed Order Management'),
           (SELECT MODULE_ID FROM MODULE WHERE MODULE_CODE = 'DOM'),
           (SELECT PERMISSION_ID FROM PERMISSION WHERE PERMISSION_CODE='NXGN_AC'),
           (SELECT MAX(ROW_UID)+4 from RELTP_APP_MOD_PERM), 0);
           
           
           INSERT INTO RELTP_APP_MOD_PERM(RELATIONSHIP_TYPE_ID,APP_ID,MODULE_ID,PERMISSION_ID,ROW_UID,IS_PERM_IMPLIED) 
    VALUES ((SELECT RELATIONSHIP_TYPE_ID FROM RELATIONSHIP_TYPE WHERE LOWER(DESCRIPTION) = LOWER('Business Partner') 
                AND COMPANY_TYPE_ID = (SELECT COMPANY_TYPE_ID FROM COMPANY_TYPE WHERE LOWER(DESCRIPTION) = LOWER('Shipper'))),
           (SELECT APP_ID FROM APP WHERE APP_NAME='Distributed Order Management'),
           (SELECT MODULE_ID FROM MODULE WHERE MODULE_CODE = 'DOM'),
           (SELECT PERMISSION_ID FROM PERMISSION WHERE PERMISSION_CODE='NXGN_CUC'),
           (SELECT MAX(ROW_UID)+4 from RELTP_APP_MOD_PERM), 0);
           
           
           INSERT INTO RELTP_APP_MOD_PERM(RELATIONSHIP_TYPE_ID,APP_ID,MODULE_ID,PERMISSION_ID,ROW_UID,IS_PERM_IMPLIED) 
    VALUES ((SELECT RELATIONSHIP_TYPE_ID FROM RELATIONSHIP_TYPE WHERE LOWER(DESCRIPTION) = LOWER('Business Partner') 
                AND COMPANY_TYPE_ID = (SELECT COMPANY_TYPE_ID FROM COMPANY_TYPE WHERE LOWER(DESCRIPTION) = LOWER('Shipper'))),
           (SELECT APP_ID FROM APP WHERE APP_NAME='Distributed Order Management'),
           (SELECT MODULE_ID FROM MODULE WHERE MODULE_CODE = 'DOM'),
           (SELECT PERMISSION_ID FROM PERMISSION WHERE PERMISSION_CODE='NXGN_AP'),
           (SELECT MAX(ROW_UID)+4 from RELTP_APP_MOD_PERM), 0);
           
           
INSERT INTO RELTP_APP_MOD_PERM(RELATIONSHIP_TYPE_ID,APP_ID,MODULE_ID,PERMISSION_ID,ROW_UID,IS_PERM_IMPLIED) 
    VALUES ((SELECT RELATIONSHIP_TYPE_ID FROM RELATIONSHIP_TYPE WHERE LOWER(DESCRIPTION) = LOWER('Business Partner') 
                AND COMPANY_TYPE_ID = (SELECT COMPANY_TYPE_ID FROM COMPANY_TYPE WHERE LOWER(DESCRIPTION) = LOWER('Shipper'))),
           (SELECT APP_ID FROM APP WHERE APP_NAME='Distributed Order Management'),
           (SELECT MODULE_ID FROM MODULE WHERE MODULE_CODE = 'DOM'),
           (SELECT PERMISSION_ID FROM PERMISSION WHERE PERMISSION_CODE='NXGN_AA'),
           (SELECT MAX(ROW_UID)+4 from RELTP_APP_MOD_PERM), 0);
           
           INSERT INTO RELTP_APP_MOD_PERM(RELATIONSHIP_TYPE_ID,APP_ID,MODULE_ID,PERMISSION_ID,ROW_UID,IS_PERM_IMPLIED) 
    VALUES ((SELECT RELATIONSHIP_TYPE_ID FROM RELATIONSHIP_TYPE WHERE LOWER(DESCRIPTION) = LOWER('Business Partner') 
                AND COMPANY_TYPE_ID = (SELECT COMPANY_TYPE_ID FROM COMPANY_TYPE WHERE LOWER(DESCRIPTION) = LOWER('Shipper'))),
           (SELECT APP_ID FROM APP WHERE APP_NAME='Distributed Order Management'),
           (SELECT MODULE_ID FROM MODULE WHERE MODULE_CODE = 'DOM'),
           (SELECT PERMISSION_ID FROM PERMISSION WHERE PERMISSION_CODE='NXGN_CACO'),
           (SELECT MAX(ROW_UID)+4 from RELTP_APP_MOD_PERM), 0);
           
           INSERT INTO RELTP_APP_MOD_PERM(RELATIONSHIP_TYPE_ID,APP_ID,MODULE_ID,PERMISSION_ID,ROW_UID,IS_PERM_IMPLIED) 
    VALUES ((SELECT RELATIONSHIP_TYPE_ID FROM RELATIONSHIP_TYPE WHERE LOWER(DESCRIPTION) = LOWER('Business Partner') 
                AND COMPANY_TYPE_ID = (SELECT COMPANY_TYPE_ID FROM COMPANY_TYPE WHERE LOWER(DESCRIPTION) = LOWER('Shipper'))),
           (SELECT APP_ID FROM APP WHERE APP_NAME='Distributed Order Management'),
           (SELECT MODULE_ID FROM MODULE WHERE MODULE_CODE = 'DOM'),
           (SELECT PERMISSION_ID FROM PERMISSION WHERE PERMISSION_CODE='NXGN_HCO'),
           (SELECT MAX(ROW_UID)+4 from RELTP_APP_MOD_PERM), 0);
           
           INSERT INTO RELTP_APP_MOD_PERM(RELATIONSHIP_TYPE_ID,APP_ID,MODULE_ID,PERMISSION_ID,ROW_UID,IS_PERM_IMPLIED) 
    VALUES ((SELECT RELATIONSHIP_TYPE_ID FROM RELATIONSHIP_TYPE WHERE LOWER(DESCRIPTION) = LOWER('Business Partner') 
                AND COMPANY_TYPE_ID = (SELECT COMPANY_TYPE_ID FROM COMPANY_TYPE WHERE LOWER(DESCRIPTION) = LOWER('Shipper'))),
           (SELECT APP_ID FROM APP WHERE APP_NAME='Distributed Order Management'),
           (SELECT MODULE_ID FROM MODULE WHERE MODULE_CODE = 'DOM'),
           (SELECT PERMISSION_ID FROM PERMISSION WHERE PERMISSION_CODE='NXGN_PO'),
           (SELECT MAX(ROW_UID)+4 from RELTP_APP_MOD_PERM), 0);
           
           INSERT INTO RELTP_APP_MOD_PERM(RELATIONSHIP_TYPE_ID,APP_ID,MODULE_ID,PERMISSION_ID,ROW_UID,IS_PERM_IMPLIED) 
    VALUES ((SELECT RELATIONSHIP_TYPE_ID FROM RELATIONSHIP_TYPE WHERE LOWER(DESCRIPTION) = LOWER('Business Partner') 
                AND COMPANY_TYPE_ID = (SELECT COMPANY_TYPE_ID FROM COMPANY_TYPE WHERE LOWER(DESCRIPTION) = LOWER('Shipper'))),
           (SELECT APP_ID FROM APP WHERE APP_NAME='Distributed Order Management'),
           (SELECT MODULE_ID FROM MODULE WHERE MODULE_CODE = 'DOM'),
           (SELECT PERMISSION_ID FROM PERMISSION WHERE PERMISSION_CODE='NXGN_SnH'),
           (SELECT MAX(ROW_UID)+4 from RELTP_APP_MOD_PERM), 0);
           
            
            
            INSERT INTO RELTP_APP_MOD_PERM(RELATIONSHIP_TYPE_ID,APP_ID,MODULE_ID,PERMISSION_ID,ROW_UID,IS_PERM_IMPLIED) 
    VALUES ((SELECT RELATIONSHIP_TYPE_ID FROM RELATIONSHIP_TYPE WHERE LOWER(DESCRIPTION) = LOWER('Business Partner') 
                AND COMPANY_TYPE_ID = (SELECT COMPANY_TYPE_ID FROM COMPANY_TYPE WHERE LOWER(DESCRIPTION) = LOWER('Shipper'))),
           (SELECT APP_ID FROM APP WHERE APP_NAME='Distributed Order Management'),
           (SELECT MODULE_ID FROM MODULE WHERE MODULE_CODE = 'DOM'),
           (SELECT PERMISSION_ID FROM PERMISSION WHERE PERMISSION_CODE='NXGN_COS'),
           (SELECT MAX(ROW_UID)+4 from RELTP_APP_MOD_PERM), 0);
           
           
           
INSERT INTO RELTP_APP_MOD_PERM(RELATIONSHIP_TYPE_ID,APP_ID,MODULE_ID,PERMISSION_ID,ROW_UID,IS_PERM_IMPLIED) 
    VALUES ((SELECT RELATIONSHIP_TYPE_ID FROM RELATIONSHIP_TYPE WHERE LOWER(DESCRIPTION) = LOWER('Business Partner') 
                AND COMPANY_TYPE_ID = (SELECT COMPANY_TYPE_ID FROM COMPANY_TYPE WHERE LOWER(DESCRIPTION) = LOWER('Shipper'))),
           (SELECT APP_ID FROM APP WHERE APP_NAME='Distributed Order Management'),
           (SELECT MODULE_ID FROM MODULE WHERE MODULE_CODE = 'DOM'),
           (SELECT PERMISSION_ID FROM PERMISSION WHERE PERMISSION_CODE='NXGN_VPS'),
           (SELECT MAX(ROW_UID)+4 from RELTP_APP_MOD_PERM), 0);
           
           
           
           
INSERT INTO RELTP_APP_MOD_PERM(RELATIONSHIP_TYPE_ID,APP_ID,MODULE_ID,PERMISSION_ID,ROW_UID,IS_PERM_IMPLIED) 
    VALUES ((SELECT RELATIONSHIP_TYPE_ID FROM RELATIONSHIP_TYPE WHERE LOWER(DESCRIPTION) = LOWER('Business Partner') 
                AND COMPANY_TYPE_ID = (SELECT COMPANY_TYPE_ID FROM COMPANY_TYPE WHERE LOWER(DESCRIPTION) = LOWER('Shipper'))),
           (SELECT APP_ID FROM APP WHERE APP_NAME='Distributed Order Management'),
           (SELECT MODULE_ID FROM MODULE WHERE MODULE_CODE = 'DOM'),
           (SELECT PERMISSION_ID FROM PERMISSION WHERE PERMISSION_CODE='NXGN_CCO'),
           (SELECT MAX(ROW_UID)+4 from RELTP_APP_MOD_PERM), 0);

           INSERT INTO RELTP_APP_MOD_PERM(RELATIONSHIP_TYPE_ID,APP_ID,MODULE_ID,PERMISSION_ID,ROW_UID,IS_PERM_IMPLIED) 
    VALUES ((SELECT RELATIONSHIP_TYPE_ID FROM RELATIONSHIP_TYPE WHERE LOWER(DESCRIPTION) = LOWER('Business Partner') 
                AND COMPANY_TYPE_ID = (SELECT COMPANY_TYPE_ID FROM COMPANY_TYPE WHERE LOWER(DESCRIPTION) = LOWER('Shipper'))),
           (SELECT APP_ID FROM APP WHERE APP_NAME='Distributed Order Management'),
           (SELECT MODULE_ID FROM MODULE WHERE MODULE_CODE = 'DOM'),
           (SELECT PERMISSION_ID FROM PERMISSION WHERE PERMISSION_CODE='NXGN_OSVPO'),
           (SELECT MAX(ROW_UID)+4 from RELTP_APP_MOD_PERM), 0);

     
COMMIT;

-- DBTicket DOM-1368

INSERT INTO PERMISSION(PERMISSION_ID, PERMISSION_NAME, IS_ACTIVE, COMPANY_ID, PERMISSION_CODE) 
VALUES(SEQ_PERMISSION_ID.NEXTVAL, 'View Data Flow', 1, -1, 'DOM_VDF');

INSERT INTO APP_MOD_PERM(APP_ID, MODULE_ID, PERMISSION_ID, ROW_UID) 
VALUES((select app_id from app where app_name ='Distributed Order Management'),
(select module_id from module where MODULE_CODE ='DOM' ),
(select PERMISSION_ID from PERMISSION where PERMISSION_CODE='DOM_VDF'),
(select max(ROW_UID)+4 from app_mod_perm));

INSERT INTO COMPANY_TYPE_PERM(COMPANY_TYPE_ID, PERMISSION_ID, ROW_UID) 
    VALUES((SELECT COMPANY_TYPE_ID FROM COMPANY_TYPE WHERE LOWER(DESCRIPTION) = LOWER('Shipper')),
           (SELECT PERMISSION_ID FROM PERMISSION where PERMISSION_CODE = 'DOM_VDF'),
           (SELECT MAX(ROW_UID)+4 FROM COMPANY_TYPE_PERM));


insert into RELTP_APP_MOD_PERM(RELATIONSHIP_TYPE_ID,APP_ID,MODULE_ID,PERMISSION_ID,ROW_UID,IS_PERM_IMPLIED) 
    VALUES ((SELECT RELATIONSHIP_TYPE_ID FROM RELATIONSHIP_TYPE WHERE LOWER(DESCRIPTION) = LOWER('Business Partner') 
                AND COMPANY_TYPE_ID = (SELECT COMPANY_TYPE_ID FROM COMPANY_TYPE WHERE LOWER(DESCRIPTION) = LOWER('Shipper'))),
           (SELECT APP_ID FROM APP WHERE APP_NAME='Distributed Order Management'),
           (SELECT MODULE_ID FROM MODULE WHERE MODULE_CODE = 'DOM'),
           (SELECT PERMISSION_ID FROM PERMISSION WHERE PERMISSION_CODE='DOM_VDF'),
           (SELECT MAX(ROW_UID)+4 from RELTP_APP_MOD_PERM), 0);
		   
		   
INSERT INTO PERMISSION(PERMISSION_ID, PERMISSION_NAME, IS_ACTIVE, COMPANY_ID, PERMISSION_CODE) 
VALUES(SEQ_PERMISSION_ID.NEXTVAL, 'Admin Data Flow', 1, -1, 'DOM_ADF');

INSERT INTO APP_MOD_PERM(APP_ID, MODULE_ID, PERMISSION_ID, ROW_UID) 
VALUES((select app_id from app where app_name ='Distributed Order Management'),
(select module_id from module where MODULE_CODE ='DOM' ),
(select PERMISSION_ID from PERMISSION where PERMISSION_CODE='DOM_ADF'),
(select max(ROW_UID)+4 from app_mod_perm));

INSERT INTO COMPANY_TYPE_PERM(COMPANY_TYPE_ID, PERMISSION_ID, ROW_UID) 
    VALUES((SELECT COMPANY_TYPE_ID FROM COMPANY_TYPE WHERE LOWER(DESCRIPTION) = LOWER('Shipper')),
           (SELECT PERMISSION_ID FROM PERMISSION where PERMISSION_CODE = 'DOM_ADF'),
           (SELECT MAX(ROW_UID)+4 FROM COMPANY_TYPE_PERM));


insert into RELTP_APP_MOD_PERM(RELATIONSHIP_TYPE_ID,APP_ID,MODULE_ID,PERMISSION_ID,ROW_UID,IS_PERM_IMPLIED) 
    VALUES ((SELECT RELATIONSHIP_TYPE_ID FROM RELATIONSHIP_TYPE WHERE LOWER(DESCRIPTION) = LOWER('Business Partner') 
                AND COMPANY_TYPE_ID = (SELECT COMPANY_TYPE_ID FROM COMPANY_TYPE WHERE LOWER(DESCRIPTION) = LOWER('Shipper'))),
           (SELECT APP_ID FROM APP WHERE APP_NAME='Distributed Order Management'),
           (SELECT MODULE_ID FROM MODULE WHERE MODULE_CODE = 'DOM'),
           (SELECT PERMISSION_ID FROM PERMISSION WHERE PERMISSION_CODE='DOM_ADF'),
           (SELECT MAX(ROW_UID)+4 from RELTP_APP_MOD_PERM), 0);
		   
		 
INSERT INTO PERMISSION_INHERITANCE(PARENT_PERMISSION_ID, CHILD_PERMISSION_ID) 
VALUES ((SELECT PERMISSION_ID FROM PERMISSION WHERE PERMISSION_CODE = 'DOM_ADF'),(SELECT PERMISSION_ID FROM PERMISSION WHERE PERMISSION_CODE = 'DOM_VDF'));
COMMIT; 

-- DBTicket MACR00781559
INSERT INTO XSCREEN (XSCREEN_ID, NAME, DESCRIPTION, SCREEN_TYPE, SCREEN_VERSION, SCREEN_MODE,IS_RESIZABLE, CREATED_SOURCE, CREATED_SOURCE_TYPE, CREATED_DTTM, LAST_UPDATED_SOURCE, LAST_UPDATED_SOURCE_TYPE, 
LAST_UPDATED_DTTM) VALUES (280009, 'agentstatus', 'Agent Status History', 1, 2, 0, 1, NULL, 1, CURRENT_TIMESTAMP, NULL, 1, CURRENT_TIMESTAMP);

INSERT INTO XFIELD (XFIELD_ID, NAME, DESCRIPTION, XSCREEN_ID, IS_DISPLAYABLE, IS_FILTERABLE, IS_MOVABLE, IS_HEADER, 
DATATYPE, XTYPE, XURL, XPICKS, CREATED_SOURCE, CREATED_SOURCE_TYPE, CREATED_DTTM, LAST_UPDATED_SOURCE, LAST_UPDATED_SOURCE_TYPE, LAST_UPDATED_DTTM) 
VALUES (SEQ_XFIELD_ID.NEXTVAL,'status', 'Agent Status', 280009, 1, 1, 1, 1, 2, 0, NULL, NULL, NULL, 1, CURRENT_TIMESTAMP, NULL, 1, CURRENT_TIMESTAMP);

INSERT INTO XFIELD (XFIELD_ID, NAME, DESCRIPTION, XSCREEN_ID, IS_DISPLAYABLE, IS_FILTERABLE, IS_MOVABLE, IS_HEADER, 
DATATYPE, XTYPE, XURL, XPICKS, CREATED_SOURCE, CREATED_SOURCE_TYPE, CREATED_DTTM, LAST_UPDATED_SOURCE, LAST_UPDATED_SOURCE_TYPE, LAST_UPDATED_DTTM) 
VALUES (SEQ_XFIELD_ID.NEXTVAL,'started', 'Started', 280009, 1, 1, 1, 1, 5, 4, NULL, NULL, NULL, 1, CURRENT_TIMESTAMP, NULL, 1, CURRENT_TIMESTAMP);

INSERT INTO XFIELD (XFIELD_ID, NAME, DESCRIPTION, XSCREEN_ID, IS_DISPLAYABLE, IS_FILTERABLE, IS_MOVABLE, IS_HEADER, 
DATATYPE, XTYPE, XURL, XPICKS, CREATED_SOURCE, CREATED_SOURCE_TYPE, CREATED_DTTM, LAST_UPDATED_SOURCE, LAST_UPDATED_SOURCE_TYPE, LAST_UPDATED_DTTM) 
VALUES (SEQ_XFIELD_ID.NEXTVAL,'ended', 'Ended', 280009, 1, 1, 1, 1, 5, 4, NULL, NULL, NULL, 1, CURRENT_TIMESTAMP, NULL, 1, CURRENT_TIMESTAMP);

INSERT INTO XFIELD (XFIELD_ID, NAME, DESCRIPTION, XSCREEN_ID, IS_DISPLAYABLE, IS_FILTERABLE, IS_MOVABLE, IS_HEADER, 
DATATYPE, XTYPE, XURL, XPICKS, CREATED_SOURCE, CREATED_SOURCE_TYPE, CREATED_DTTM, LAST_UPDATED_SOURCE, LAST_UPDATED_SOURCE_TYPE, LAST_UPDATED_DTTM) 
VALUES (SEQ_XFIELD_ID.NEXTVAL,'workflowName', 'Workflow Name', 280009, 1, 1, 1, 1, 0, 0, NULL, NULL, NULL, 1, CURRENT_TIMESTAMP, NULL, 1, CURRENT_TIMESTAMP);
COMMIT;

UPDATE DB_BUILD_HISTORY SET END_DTTM=SYSDATE WHERE VERSION_LABEL='DOMBASE_20130503.2013.1.18.03';

COMMIT;

--- RLMBASE 18.03

insert into db_build_history
   (version_label, start_dttm, end_dttm, version_range, app_bld_no)
values 
   ('RLMBASE_20130503.2013.18.03',SYSDATE,SYSDATE,'RLM DB Incremental Build - 18 for 2013.1','RLMBASE_20130503.2013.18.03');

commit;

-- DBTicket RLM-451 

INSERT INTO MODULE (MODULE_ID,MODULE_NAME,IS_ACTIVE,MODULE_CODE) values ((SELECT MAX(MODULE_ID) + 1 FROM MODULE),'Reverse Logistics Management',1,'RLM');

INSERT INTO APP_MODULE (APP_ID,MODULE_ID,IS_ACTIVE,ROW_UID) values ((select app_id from app where app_name ='Reverse Logistics Management'),(select module_id from module where MODULE_CODE ='RLM' ),1,(SELECT MAX(ROW_UID) + 4 FROM APP_MODULE));

-- 'Administer Order Fee Template' Permission
EXEC sequpdt('PERMISSION','PERMISSION_ID','SEQ_PERMISSION_ID');
INSERT INTO PERMISSION(PERMISSION_ID, PERMISSION_NAME, IS_ACTIVE, COMPANY_ID, PERMISSION_CODE) 
VALUES(SEQ_PERMISSION_ID.NEXTVAL, 'Administer Order Fee Template', 1, -1, 'RLM_AOFT');

INSERT INTO APP_MOD_PERM(APP_ID, MODULE_ID, PERMISSION_ID, ROW_UID) 
VALUES((select app_id from app where app_name ='Reverse Logistics Management'),
(select module_id from module where MODULE_CODE ='RLM' ),
(select PERMISSION_ID from PERMISSION where PERMISSION_CODE='RLM_AOFT'),
(select max(ROW_UID)+4 from app_mod_perm));


INSERT INTO COMPANY_TYPE_PERM(COMPANY_TYPE_ID, PERMISSION_ID, ROW_UID) 
    VALUES((SELECT COMPANY_TYPE_ID FROM COMPANY_TYPE WHERE LOWER(DESCRIPTION) = LOWER('Shipper')),
           (SELECT PERMISSION_ID FROM PERMISSION where PERMISSION_CODE = 'RLM_AOFT'),
           (SELECT MAX(ROW_UID)+4 FROM COMPANY_TYPE_PERM));


insert into RELTP_APP_MOD_PERM(RELATIONSHIP_TYPE_ID,APP_ID,MODULE_ID,PERMISSION_ID,ROW_UID,IS_PERM_IMPLIED) 
    VALUES ((SELECT RELATIONSHIP_TYPE_ID FROM RELATIONSHIP_TYPE WHERE LOWER(DESCRIPTION) = LOWER('Business Partner') 
                AND COMPANY_TYPE_ID = (SELECT COMPANY_TYPE_ID FROM COMPANY_TYPE WHERE LOWER(DESCRIPTION) = LOWER('Shipper'))),
           (SELECT APP_ID FROM APP WHERE APP_NAME='Reverse Logistics Management'),
           (SELECT MODULE_ID FROM MODULE WHERE MODULE_CODE = 'RLM'),
           (SELECT PERMISSION_ID FROM PERMISSION WHERE PERMISSION_CODE='RLM_AOFT'),
           (SELECT MAX(ROW_UID)+4 from RELTP_APP_MOD_PERM), 0);


-- 'View Order Fee Template' Permission
INSERT INTO PERMISSION(PERMISSION_ID, PERMISSION_NAME, IS_ACTIVE, COMPANY_ID, PERMISSION_CODE) 
VALUES(SEQ_PERMISSION_ID.NEXTVAL, 'View Order Fee Template', 1, -1, 'RLM_VOFT');

INSERT INTO APP_MOD_PERM(APP_ID, MODULE_ID, PERMISSION_ID, ROW_UID) 
VALUES((select app_id from app where app_name ='Reverse Logistics Management'),
(select module_id from module where MODULE_CODE ='RLM' ),
(select PERMISSION_ID from PERMISSION where PERMISSION_CODE='RLM_VOFT'),
(select max(ROW_UID)+4 from app_mod_perm));

INSERT INTO COMPANY_TYPE_PERM(COMPANY_TYPE_ID, PERMISSION_ID, ROW_UID) 
    VALUES((SELECT COMPANY_TYPE_ID FROM COMPANY_TYPE WHERE LOWER(DESCRIPTION) = LOWER('Shipper')),
           (SELECT PERMISSION_ID FROM PERMISSION where PERMISSION_CODE = 'RLM_VOFT'),
           (SELECT MAX(ROW_UID)+4 FROM COMPANY_TYPE_PERM));


insert into RELTP_APP_MOD_PERM(RELATIONSHIP_TYPE_ID,APP_ID,MODULE_ID,PERMISSION_ID,ROW_UID,IS_PERM_IMPLIED) 
    VALUES ((SELECT RELATIONSHIP_TYPE_ID FROM RELATIONSHIP_TYPE WHERE LOWER(DESCRIPTION) = LOWER('Business Partner') 
                AND COMPANY_TYPE_ID = (SELECT COMPANY_TYPE_ID FROM COMPANY_TYPE WHERE LOWER(DESCRIPTION) = LOWER('Shipper'))),
           (SELECT APP_ID FROM APP WHERE APP_NAME='Reverse Logistics Management'),
           (SELECT MODULE_ID FROM MODULE WHERE MODULE_CODE = 'RLM'),
           (SELECT PERMISSION_ID FROM PERMISSION WHERE PERMISSION_CODE='RLM_VOFT'),
           (SELECT MAX(ROW_UID)+4 from RELTP_APP_MOD_PERM), 0);
		   
		   
-- 'Administer Order Line Fee Template' Permission
INSERT INTO PERMISSION(PERMISSION_ID, PERMISSION_NAME, IS_ACTIVE, COMPANY_ID, PERMISSION_CODE) 
VALUES(SEQ_PERMISSION_ID.NEXTVAL, 'Administer Order Line Fee Template', 1, -1, 'RLM_AOLFT');

INSERT INTO APP_MOD_PERM(APP_ID, MODULE_ID, PERMISSION_ID, ROW_UID) 
VALUES((select app_id from app where app_name ='Reverse Logistics Management'),
(select module_id from module where MODULE_CODE ='RLM' ),
(select PERMISSION_ID from PERMISSION where PERMISSION_CODE='RLM_AOLFT'),
(select max(ROW_UID)+4 from app_mod_perm));


INSERT INTO COMPANY_TYPE_PERM(COMPANY_TYPE_ID, PERMISSION_ID, ROW_UID) 
    VALUES((SELECT COMPANY_TYPE_ID FROM COMPANY_TYPE WHERE LOWER(DESCRIPTION) = LOWER('Shipper')),
           (SELECT PERMISSION_ID FROM PERMISSION where PERMISSION_CODE = 'RLM_AOLFT'),
           (SELECT MAX(ROW_UID)+4 FROM COMPANY_TYPE_PERM));


insert into RELTP_APP_MOD_PERM(RELATIONSHIP_TYPE_ID,APP_ID,MODULE_ID,PERMISSION_ID,ROW_UID,IS_PERM_IMPLIED) 
    VALUES ((SELECT RELATIONSHIP_TYPE_ID FROM RELATIONSHIP_TYPE WHERE LOWER(DESCRIPTION) = LOWER('Business Partner') 
                AND COMPANY_TYPE_ID = (SELECT COMPANY_TYPE_ID FROM COMPANY_TYPE WHERE LOWER(DESCRIPTION) = LOWER('Shipper'))),
           (SELECT APP_ID FROM APP WHERE APP_NAME='Reverse Logistics Management'),
           (SELECT MODULE_ID FROM MODULE WHERE MODULE_CODE = 'RLM'),
           (SELECT PERMISSION_ID FROM PERMISSION WHERE PERMISSION_CODE='RLM_AOLFT'),
           (SELECT MAX(ROW_UID)+4 from RELTP_APP_MOD_PERM), 0);
		   		   
-- 'View Order Line Fee Template' Permission
INSERT INTO PERMISSION(PERMISSION_ID, PERMISSION_NAME, IS_ACTIVE, COMPANY_ID, PERMISSION_CODE) 
VALUES(SEQ_PERMISSION_ID.NEXTVAL, 'View Order Line Fee Template', 1, -1, 'RLM_VOLFT');

INSERT INTO APP_MOD_PERM(APP_ID, MODULE_ID, PERMISSION_ID, ROW_UID) 
VALUES((select app_id from app where app_name ='Reverse Logistics Management'),
(select module_id from module where MODULE_CODE ='RLM' ),
(select PERMISSION_ID from PERMISSION where PERMISSION_CODE='RLM_VOLFT'),
(select max(ROW_UID)+4 from app_mod_perm));


INSERT INTO COMPANY_TYPE_PERM(COMPANY_TYPE_ID, PERMISSION_ID, ROW_UID) 
    VALUES((SELECT COMPANY_TYPE_ID FROM COMPANY_TYPE WHERE LOWER(DESCRIPTION) = LOWER('Shipper')),
           (SELECT PERMISSION_ID FROM PERMISSION where PERMISSION_CODE = 'RLM_VOLFT'),
           (SELECT MAX(ROW_UID)+4 FROM COMPANY_TYPE_PERM));


insert into RELTP_APP_MOD_PERM(RELATIONSHIP_TYPE_ID,APP_ID,MODULE_ID,PERMISSION_ID,ROW_UID,IS_PERM_IMPLIED) 
    VALUES ((SELECT RELATIONSHIP_TYPE_ID FROM RELATIONSHIP_TYPE WHERE LOWER(DESCRIPTION) = LOWER('Business Partner') 
                AND COMPANY_TYPE_ID = (SELECT COMPANY_TYPE_ID FROM COMPANY_TYPE WHERE LOWER(DESCRIPTION) = LOWER('Shipper'))),
           (SELECT APP_ID FROM APP WHERE APP_NAME='Reverse Logistics Management'),
           (SELECT MODULE_ID FROM MODULE WHERE MODULE_CODE = 'RLM'),
           (SELECT PERMISSION_ID FROM PERMISSION WHERE PERMISSION_CODE='RLM_VOLFT'),
           (SELECT MAX(ROW_UID)+4 from RELTP_APP_MOD_PERM), 0);
		   		   				   
								   
-- 'Company Parameter - RLM' Permission
INSERT INTO PERMISSION(PERMISSION_ID, PERMISSION_NAME, IS_ACTIVE, COMPANY_ID, PERMISSION_CODE) 
VALUES(SEQ_PERMISSION_ID.NEXTVAL, 'Company Parameter - RLM', 1, -1, 'RLM_VBR');

INSERT INTO APP_MOD_PERM(APP_ID, MODULE_ID, PERMISSION_ID, ROW_UID) 
VALUES((select app_id from app where app_name ='Reverse Logistics Management'),
(select module_id from module where MODULE_CODE ='RLM' ),
(select PERMISSION_ID from PERMISSION where PERMISSION_CODE='RLM_VBR'),
(select max(ROW_UID)+4 from app_mod_perm));


INSERT INTO COMPANY_TYPE_PERM(COMPANY_TYPE_ID, PERMISSION_ID, ROW_UID) 
    VALUES((SELECT COMPANY_TYPE_ID FROM COMPANY_TYPE WHERE LOWER(DESCRIPTION) = LOWER('Shipper')),
           (SELECT PERMISSION_ID FROM PERMISSION where PERMISSION_CODE = 'RLM_VBR'),
           (SELECT MAX(ROW_UID)+4 FROM COMPANY_TYPE_PERM));


insert into RELTP_APP_MOD_PERM(RELATIONSHIP_TYPE_ID,APP_ID,MODULE_ID,PERMISSION_ID,ROW_UID,IS_PERM_IMPLIED) 
    VALUES ((SELECT RELATIONSHIP_TYPE_ID FROM RELATIONSHIP_TYPE WHERE LOWER(DESCRIPTION) = LOWER('Business Partner') 
                AND COMPANY_TYPE_ID = (SELECT COMPANY_TYPE_ID FROM COMPANY_TYPE WHERE LOWER(DESCRIPTION) = LOWER('Shipper'))),
           (SELECT APP_ID FROM APP WHERE APP_NAME='Reverse Logistics Management'),
           (SELECT MODULE_ID FROM MODULE WHERE MODULE_CODE = 'RLM'),
           (SELECT PERMISSION_ID FROM PERMISSION WHERE PERMISSION_CODE='RLM_VBR'),
           (SELECT MAX(ROW_UID)+4 from RELTP_APP_MOD_PERM), 0);
		   		   				   					
-- 'Override non-returnable items' Permission
INSERT INTO PERMISSION(PERMISSION_ID, PERMISSION_NAME, IS_ACTIVE, COMPANY_ID, PERMISSION_CODE) 
VALUES(SEQ_PERMISSION_ID.NEXTVAL, 'Override non-returnable items', 1, -1, 'RLM_ONRI');

INSERT INTO APP_MOD_PERM(APP_ID, MODULE_ID, PERMISSION_ID, ROW_UID) 
VALUES((select app_id from app where app_name ='Reverse Logistics Management'),
(select module_id from module where MODULE_CODE ='RLM' ),
(select PERMISSION_ID from PERMISSION where PERMISSION_CODE='RLM_ONRI'),
(select max(ROW_UID)+4 from app_mod_perm));


INSERT INTO COMPANY_TYPE_PERM(COMPANY_TYPE_ID, PERMISSION_ID, ROW_UID) 
    VALUES((SELECT COMPANY_TYPE_ID FROM COMPANY_TYPE WHERE LOWER(DESCRIPTION) = LOWER('Shipper')),
           (SELECT PERMISSION_ID FROM PERMISSION where PERMISSION_CODE = 'RLM_ONRI'),
           (SELECT MAX(ROW_UID)+4 FROM COMPANY_TYPE_PERM));


insert into RELTP_APP_MOD_PERM(RELATIONSHIP_TYPE_ID,APP_ID,MODULE_ID,PERMISSION_ID,ROW_UID,IS_PERM_IMPLIED) 
    VALUES ((SELECT RELATIONSHIP_TYPE_ID FROM RELATIONSHIP_TYPE WHERE LOWER(DESCRIPTION) = LOWER('Business Partner') 
                AND COMPANY_TYPE_ID = (SELECT COMPANY_TYPE_ID FROM COMPANY_TYPE WHERE LOWER(DESCRIPTION) = LOWER('Shipper'))),
           (SELECT APP_ID FROM APP WHERE APP_NAME='Reverse Logistics Management'),
           (SELECT MODULE_ID FROM MODULE WHERE MODULE_CODE = 'RLM'),
           (SELECT PERMISSION_ID FROM PERMISSION WHERE PERMISSION_CODE='RLM_ONRI'),
           (SELECT MAX(ROW_UID)+4 from RELTP_APP_MOD_PERM), 0);		   
		   		   				   								 

-- 'Override non-exchangeable items' Permission
INSERT INTO PERMISSION(PERMISSION_ID, PERMISSION_NAME, IS_ACTIVE, COMPANY_ID, PERMISSION_CODE) 
VALUES(SEQ_PERMISSION_ID.NEXTVAL, 'Override non-exchangeable items', 1, -1, 'RLM_ONEI');

INSERT INTO APP_MOD_PERM(APP_ID, MODULE_ID, PERMISSION_ID, ROW_UID) 
VALUES((select app_id from app where app_name ='Reverse Logistics Management'),
(select module_id from module where MODULE_CODE ='RLM' ),
(select PERMISSION_ID from PERMISSION where PERMISSION_CODE='RLM_ONEI'),
(select max(ROW_UID)+4 from app_mod_perm));


INSERT INTO COMPANY_TYPE_PERM(COMPANY_TYPE_ID, PERMISSION_ID, ROW_UID) 
    VALUES((SELECT COMPANY_TYPE_ID FROM COMPANY_TYPE WHERE LOWER(DESCRIPTION) = LOWER('Shipper')),
           (SELECT PERMISSION_ID FROM PERMISSION where PERMISSION_CODE = 'RLM_ONEI'),
           (SELECT MAX(ROW_UID)+4 FROM COMPANY_TYPE_PERM));


insert into RELTP_APP_MOD_PERM(RELATIONSHIP_TYPE_ID,APP_ID,MODULE_ID,PERMISSION_ID,ROW_UID,IS_PERM_IMPLIED) 
    VALUES ((SELECT RELATIONSHIP_TYPE_ID FROM RELATIONSHIP_TYPE WHERE LOWER(DESCRIPTION) = LOWER('Business Partner') 
                AND COMPANY_TYPE_ID = (SELECT COMPANY_TYPE_ID FROM COMPANY_TYPE WHERE LOWER(DESCRIPTION) = LOWER('Shipper'))),
           (SELECT APP_ID FROM APP WHERE APP_NAME='Reverse Logistics Management'),
           (SELECT MODULE_ID FROM MODULE WHERE MODULE_CODE = 'RLM'),
           (SELECT PERMISSION_ID FROM PERMISSION WHERE PERMISSION_CODE='RLM_ONEI'),
           (SELECT MAX(ROW_UID)+4 from RELTP_APP_MOD_PERM), 0);		   
		   		   				   								   																													 
																																													 
-- 'Override fees' Permission
INSERT INTO PERMISSION(PERMISSION_ID, PERMISSION_NAME, IS_ACTIVE, COMPANY_ID, PERMISSION_CODE) 
VALUES(SEQ_PERMISSION_ID.NEXTVAL, 'Override fees', 1, -1, 'RLM_OFEE');

INSERT INTO APP_MOD_PERM(APP_ID, MODULE_ID, PERMISSION_ID, ROW_UID) 
VALUES((select app_id from app where app_name ='Reverse Logistics Management'),
(select module_id from module where MODULE_CODE ='RLM' ),
(select PERMISSION_ID from PERMISSION where PERMISSION_CODE='RLM_OFEE'),
(select max(ROW_UID)+4 from app_mod_perm));


INSERT INTO COMPANY_TYPE_PERM(COMPANY_TYPE_ID, PERMISSION_ID, ROW_UID) 
    VALUES((SELECT COMPANY_TYPE_ID FROM COMPANY_TYPE WHERE LOWER(DESCRIPTION) = LOWER('Shipper')),
           (SELECT PERMISSION_ID FROM PERMISSION where PERMISSION_CODE = 'RLM_OFEE'),
           (SELECT MAX(ROW_UID)+4 FROM COMPANY_TYPE_PERM));


insert into RELTP_APP_MOD_PERM(RELATIONSHIP_TYPE_ID,APP_ID,MODULE_ID,PERMISSION_ID,ROW_UID,IS_PERM_IMPLIED) 
    VALUES ((SELECT RELATIONSHIP_TYPE_ID FROM RELATIONSHIP_TYPE WHERE LOWER(DESCRIPTION) = LOWER('Business Partner') 
                AND COMPANY_TYPE_ID = (SELECT COMPANY_TYPE_ID FROM COMPANY_TYPE WHERE LOWER(DESCRIPTION) = LOWER('Shipper'))),
           (SELECT APP_ID FROM APP WHERE APP_NAME='Reverse Logistics Management'),
           (SELECT MODULE_ID FROM MODULE WHERE MODULE_CODE = 'RLM'),
           (SELECT PERMISSION_ID FROM PERMISSION WHERE PERMISSION_CODE='RLM_OFEE'),
           (SELECT MAX(ROW_UID)+4 from RELTP_APP_MOD_PERM), 0);		   


-- 'Create return' Permission
INSERT INTO PERMISSION(PERMISSION_ID, PERMISSION_NAME, IS_ACTIVE, COMPANY_ID, PERMISSION_CODE) 
VALUES(SEQ_PERMISSION_ID.NEXTVAL, 'Create return', 1, -1, 'RLM_CRTN');

INSERT INTO APP_MOD_PERM(APP_ID, MODULE_ID, PERMISSION_ID, ROW_UID) 
VALUES((select app_id from app where app_name ='Reverse Logistics Management'),
(select module_id from module where MODULE_CODE ='RLM' ),
(select PERMISSION_ID from PERMISSION where PERMISSION_CODE='RLM_CRTN'),
(select max(ROW_UID)+4 from app_mod_perm));


INSERT INTO COMPANY_TYPE_PERM(COMPANY_TYPE_ID, PERMISSION_ID, ROW_UID) 
    VALUES((SELECT COMPANY_TYPE_ID FROM COMPANY_TYPE WHERE LOWER(DESCRIPTION) = LOWER('Shipper')),
           (SELECT PERMISSION_ID FROM PERMISSION where PERMISSION_CODE = 'RLM_CRTN'),
           (SELECT MAX(ROW_UID)+4 FROM COMPANY_TYPE_PERM));


insert into RELTP_APP_MOD_PERM(RELATIONSHIP_TYPE_ID,APP_ID,MODULE_ID,PERMISSION_ID,ROW_UID,IS_PERM_IMPLIED) 
    VALUES ((SELECT RELATIONSHIP_TYPE_ID FROM RELATIONSHIP_TYPE WHERE LOWER(DESCRIPTION) = LOWER('Business Partner') 
                AND COMPANY_TYPE_ID = (SELECT COMPANY_TYPE_ID FROM COMPANY_TYPE WHERE LOWER(DESCRIPTION) = LOWER('Shipper'))),
           (SELECT APP_ID FROM APP WHERE APP_NAME='Reverse Logistics Management'),
           (SELECT MODULE_ID FROM MODULE WHERE MODULE_CODE = 'RLM'),
           (SELECT PERMISSION_ID FROM PERMISSION WHERE PERMISSION_CODE='RLM_CRTN'),
           (SELECT MAX(ROW_UID)+4 from RELTP_APP_MOD_PERM), 0);		   
		   
		   
-- 'Cancel return' Permission
INSERT INTO PERMISSION(PERMISSION_ID, PERMISSION_NAME, IS_ACTIVE, COMPANY_ID, PERMISSION_CODE) 
VALUES(SEQ_PERMISSION_ID.NEXTVAL, 'Cancel return', 1, -1, 'RLM_CARTN');

INSERT INTO APP_MOD_PERM(APP_ID, MODULE_ID, PERMISSION_ID, ROW_UID) 
VALUES((select app_id from app where app_name ='Reverse Logistics Management'),
(select module_id from module where MODULE_CODE ='RLM' ),
(select PERMISSION_ID from PERMISSION where PERMISSION_CODE='RLM_CARTN'),
(select max(ROW_UID)+4 from app_mod_perm));


INSERT INTO COMPANY_TYPE_PERM(COMPANY_TYPE_ID, PERMISSION_ID, ROW_UID) 
    VALUES((SELECT COMPANY_TYPE_ID FROM COMPANY_TYPE WHERE LOWER(DESCRIPTION) = LOWER('Shipper')),
           (SELECT PERMISSION_ID FROM PERMISSION where PERMISSION_CODE = 'RLM_CARTN'),
           (SELECT MAX(ROW_UID)+4 FROM COMPANY_TYPE_PERM));


insert into RELTP_APP_MOD_PERM(RELATIONSHIP_TYPE_ID,APP_ID,MODULE_ID,PERMISSION_ID,ROW_UID,IS_PERM_IMPLIED) 
    VALUES ((SELECT RELATIONSHIP_TYPE_ID FROM RELATIONSHIP_TYPE WHERE LOWER(DESCRIPTION) = LOWER('Business Partner') 
                AND COMPANY_TYPE_ID = (SELECT COMPANY_TYPE_ID FROM COMPANY_TYPE WHERE LOWER(DESCRIPTION) = LOWER('Shipper'))),
           (SELECT APP_ID FROM APP WHERE APP_NAME='Reverse Logistics Management'),
           (SELECT MODULE_ID FROM MODULE WHERE MODULE_CODE = 'RLM'),
           (SELECT PERMISSION_ID FROM PERMISSION WHERE PERMISSION_CODE='RLM_CARTN'),
           (SELECT MAX(ROW_UID)+4 from RELTP_APP_MOD_PERM), 0);		   
		   		   

-- 'Approve return line' Permission
INSERT INTO PERMISSION(PERMISSION_ID, PERMISSION_NAME, IS_ACTIVE, COMPANY_ID, PERMISSION_CODE) 
VALUES(SEQ_PERMISSION_ID.NEXTVAL, 'Approve return line', 1, -1, 'RLM_ARL');

INSERT INTO APP_MOD_PERM(APP_ID, MODULE_ID, PERMISSION_ID, ROW_UID) 
VALUES((select app_id from app where app_name ='Reverse Logistics Management'),
(select module_id from module where MODULE_CODE ='RLM' ),
(select PERMISSION_ID from PERMISSION where PERMISSION_CODE='RLM_ARL'),
(select max(ROW_UID)+4 from app_mod_perm));


INSERT INTO COMPANY_TYPE_PERM(COMPANY_TYPE_ID, PERMISSION_ID, ROW_UID) 
    VALUES((SELECT COMPANY_TYPE_ID FROM COMPANY_TYPE WHERE LOWER(DESCRIPTION) = LOWER('Shipper')),
           (SELECT PERMISSION_ID FROM PERMISSION where PERMISSION_CODE = 'RLM_ARL'),
           (SELECT MAX(ROW_UID)+4 FROM COMPANY_TYPE_PERM));


insert into RELTP_APP_MOD_PERM(RELATIONSHIP_TYPE_ID,APP_ID,MODULE_ID,PERMISSION_ID,ROW_UID,IS_PERM_IMPLIED) 
    VALUES ((SELECT RELATIONSHIP_TYPE_ID FROM RELATIONSHIP_TYPE WHERE LOWER(DESCRIPTION) = LOWER('Business Partner') 
                AND COMPANY_TYPE_ID = (SELECT COMPANY_TYPE_ID FROM COMPANY_TYPE WHERE LOWER(DESCRIPTION) = LOWER('Shipper'))),
           (SELECT APP_ID FROM APP WHERE APP_NAME='Reverse Logistics Management'),
           (SELECT MODULE_ID FROM MODULE WHERE MODULE_CODE = 'RLM'),
           (SELECT PERMISSION_ID FROM PERMISSION WHERE PERMISSION_CODE='RLM_ARL'),
           (SELECT MAX(ROW_UID)+4 from RELTP_APP_MOD_PERM), 0);		   
		   		   				   
								   
-- 'Re-send return label' Permission
INSERT INTO PERMISSION(PERMISSION_ID, PERMISSION_NAME, IS_ACTIVE, COMPANY_ID, PERMISSION_CODE) 
VALUES(SEQ_PERMISSION_ID.NEXTVAL, 'Re-send return label', 1, -1, 'RLM_RL');

INSERT INTO APP_MOD_PERM(APP_ID, MODULE_ID, PERMISSION_ID, ROW_UID) 
VALUES((select app_id from app where app_name ='Reverse Logistics Management'),
(select module_id from module where MODULE_CODE ='RLM' ),
(select PERMISSION_ID from PERMISSION where PERMISSION_CODE='RLM_RL'),
(select max(ROW_UID)+4 from app_mod_perm));


INSERT INTO COMPANY_TYPE_PERM(COMPANY_TYPE_ID, PERMISSION_ID, ROW_UID) 
    VALUES((SELECT COMPANY_TYPE_ID FROM COMPANY_TYPE WHERE LOWER(DESCRIPTION) = LOWER('Shipper')),
           (SELECT PERMISSION_ID FROM PERMISSION where PERMISSION_CODE = 'RLM_RL'),
           (SELECT MAX(ROW_UID)+4 FROM COMPANY_TYPE_PERM));


insert into RELTP_APP_MOD_PERM(RELATIONSHIP_TYPE_ID,APP_ID,MODULE_ID,PERMISSION_ID,ROW_UID,IS_PERM_IMPLIED) 
    VALUES ((SELECT RELATIONSHIP_TYPE_ID FROM RELATIONSHIP_TYPE WHERE LOWER(DESCRIPTION) = LOWER('Business Partner') 
                AND COMPANY_TYPE_ID = (SELECT COMPANY_TYPE_ID FROM COMPANY_TYPE WHERE LOWER(DESCRIPTION) = LOWER('Shipper'))),
           (SELECT APP_ID FROM APP WHERE APP_NAME='Reverse Logistics Management'),
           (SELECT MODULE_ID FROM MODULE WHERE MODULE_CODE = 'RLM'),
           (SELECT PERMISSION_ID FROM PERMISSION WHERE PERMISSION_CODE='RLM_RL'),
           (SELECT MAX(ROW_UID)+4 from RELTP_APP_MOD_PERM), 0);		   
		   		   				   			
-- 'Process return' Permission
INSERT INTO PERMISSION(PERMISSION_ID, PERMISSION_NAME, IS_ACTIVE, COMPANY_ID, PERMISSION_CODE) 
VALUES(SEQ_PERMISSION_ID.NEXTVAL, 'Process return', 1, -1, 'RLM_PRTN');

INSERT INTO APP_MOD_PERM(APP_ID, MODULE_ID, PERMISSION_ID, ROW_UID) 
VALUES((select app_id from app where app_name ='Reverse Logistics Management'),
(select module_id from module where MODULE_CODE ='RLM' ),
(select PERMISSION_ID from PERMISSION where PERMISSION_CODE='RLM_PRTN'),
(select max(ROW_UID)+4 from app_mod_perm));


INSERT INTO COMPANY_TYPE_PERM(COMPANY_TYPE_ID, PERMISSION_ID, ROW_UID) 
    VALUES((SELECT COMPANY_TYPE_ID FROM COMPANY_TYPE WHERE LOWER(DESCRIPTION) = LOWER('Shipper')),
           (SELECT PERMISSION_ID FROM PERMISSION where PERMISSION_CODE = 'RLM_PRTN'),
           (SELECT MAX(ROW_UID)+4 FROM COMPANY_TYPE_PERM));


insert into RELTP_APP_MOD_PERM(RELATIONSHIP_TYPE_ID,APP_ID,MODULE_ID,PERMISSION_ID,ROW_UID,IS_PERM_IMPLIED) 
    VALUES ((SELECT RELATIONSHIP_TYPE_ID FROM RELATIONSHIP_TYPE WHERE LOWER(DESCRIPTION) = LOWER('Business Partner') 
                AND COMPANY_TYPE_ID = (SELECT COMPANY_TYPE_ID FROM COMPANY_TYPE WHERE LOWER(DESCRIPTION) = LOWER('Shipper'))),
           (SELECT APP_ID FROM APP WHERE APP_NAME='Reverse Logistics Management'),
           (SELECT MODULE_ID FROM MODULE WHERE MODULE_CODE = 'RLM'),
           (SELECT PERMISSION_ID FROM PERMISSION WHERE PERMISSION_CODE='RLM_PRTN'),
           (SELECT MAX(ROW_UID)+4 from RELTP_APP_MOD_PERM), 0);		   
		   		   				   								   											
-- 'View Notes' Permission
INSERT INTO PERMISSION(PERMISSION_ID, PERMISSION_NAME, IS_ACTIVE, COMPANY_ID, PERMISSION_CODE) 
VALUES(SEQ_PERMISSION_ID.NEXTVAL, 'View Notes', 1, -1, 'RLM_VN');

INSERT INTO APP_MOD_PERM(APP_ID, MODULE_ID, PERMISSION_ID, ROW_UID) 
VALUES((select app_id from app where app_name ='Reverse Logistics Management'),
(select module_id from module where MODULE_CODE ='RLM' ),
(select PERMISSION_ID from PERMISSION where PERMISSION_CODE='RLM_VN'),
(select max(ROW_UID)+4 from app_mod_perm));


INSERT INTO COMPANY_TYPE_PERM(COMPANY_TYPE_ID, PERMISSION_ID, ROW_UID) 
    VALUES((SELECT COMPANY_TYPE_ID FROM COMPANY_TYPE WHERE LOWER(DESCRIPTION) = LOWER('Shipper')),
           (SELECT PERMISSION_ID FROM PERMISSION where PERMISSION_CODE = 'RLM_VN'),
           (SELECT MAX(ROW_UID)+4 FROM COMPANY_TYPE_PERM));


insert into RELTP_APP_MOD_PERM(RELATIONSHIP_TYPE_ID,APP_ID,MODULE_ID,PERMISSION_ID,ROW_UID,IS_PERM_IMPLIED) 
    VALUES ((SELECT RELATIONSHIP_TYPE_ID FROM RELATIONSHIP_TYPE WHERE LOWER(DESCRIPTION) = LOWER('Business Partner') 
                AND COMPANY_TYPE_ID = (SELECT COMPANY_TYPE_ID FROM COMPANY_TYPE WHERE LOWER(DESCRIPTION) = LOWER('Shipper'))),
           (SELECT APP_ID FROM APP WHERE APP_NAME='Reverse Logistics Management'),
           (SELECT MODULE_ID FROM MODULE WHERE MODULE_CODE = 'RLM'),
           (SELECT PERMISSION_ID FROM PERMISSION WHERE PERMISSION_CODE='RLM_VN'),
           (SELECT MAX(ROW_UID)+4 from RELTP_APP_MOD_PERM), 0);		   

-- 'Return status' Permission
INSERT INTO PERMISSION(PERMISSION_ID, PERMISSION_NAME, IS_ACTIVE, COMPANY_ID, PERMISSION_CODE) 
VALUES(SEQ_PERMISSION_ID.NEXTVAL, 'Return status', 1, -1, 'RLM_RTNS');

INSERT INTO APP_MOD_PERM(APP_ID, MODULE_ID, PERMISSION_ID, ROW_UID) 
VALUES((select app_id from app where app_name ='Reverse Logistics Management'),
(select module_id from module where MODULE_CODE ='RLM' ),
(select PERMISSION_ID from PERMISSION where PERMISSION_CODE='RLM_RTNS'),
(select max(ROW_UID)+4 from app_mod_perm));


INSERT INTO COMPANY_TYPE_PERM(COMPANY_TYPE_ID, PERMISSION_ID, ROW_UID) 
    VALUES((SELECT COMPANY_TYPE_ID FROM COMPANY_TYPE WHERE LOWER(DESCRIPTION) = LOWER('Shipper')),
           (SELECT PERMISSION_ID FROM PERMISSION where PERMISSION_CODE = 'RLM_RTNS'),
           (SELECT MAX(ROW_UID)+4 FROM COMPANY_TYPE_PERM));


insert into RELTP_APP_MOD_PERM(RELATIONSHIP_TYPE_ID,APP_ID,MODULE_ID,PERMISSION_ID,ROW_UID,IS_PERM_IMPLIED) 
    VALUES ((SELECT RELATIONSHIP_TYPE_ID FROM RELATIONSHIP_TYPE WHERE LOWER(DESCRIPTION) = LOWER('Business Partner') 
                AND COMPANY_TYPE_ID = (SELECT COMPANY_TYPE_ID FROM COMPANY_TYPE WHERE LOWER(DESCRIPTION) = LOWER('Shipper'))),
           (SELECT APP_ID FROM APP WHERE APP_NAME='Reverse Logistics Management'),
           (SELECT MODULE_ID FROM MODULE WHERE MODULE_CODE = 'RLM'),
           (SELECT PERMISSION_ID FROM PERMISSION WHERE PERMISSION_CODE='RLM_RTNS'),
           (SELECT MAX(ROW_UID)+4 from RELTP_APP_MOD_PERM), 0);
		   
		   COMMIT;
EXEC sequpdt('PERMISSION','PERMISSION_ID','SEQ_PERMISSION_ID');		   

-- DBTicket RLM-493
--MIGRATION: Delete RLM 2013.0 Permissions. US7621: Name: Migration of RLM database

delete from ROLE_APP_MOD_PERM where APP_ID = (select APP_ID from APP where APP_NAME ='Reverse Logistics Management') 
and MODULE_ID in (select MODULE_ID from MODULE where MODULE_CODE in ('RECEIVING','WORKFLOW','INBOUND','CLAIMS','PROCESSING'));

delete from RELTP_APP_MOD_PERM where APP_ID = (select APP_ID from APP where APP_NAME ='Reverse Logistics Management') 
and module_id in (select MODULE_ID from MODULE where MODULE_CODE in ('RECEIVING','WORKFLOW','INBOUND','CLAIMS','PROCESSING'));

delete from REL_APP_MOD_PERM where APP_ID = (select APP_ID from APP where APP_NAME ='Reverse Logistics Management') 
and module_id in (select MODULE_ID from MODULE where MODULE_CODE in ('RECEIVING','WORKFLOW','INBOUND','CLAIMS','PROCESSING'));

delete from APP_MOD_PERM where APP_ID = (select APP_ID from APP where APP_NAME ='Reverse Logistics Management') 
and MODULE_ID in (select MODULE_ID from MODULE where MODULE_CODE in ('RECEIVING','WORKFLOW','INBOUND','CLAIMS','PROCESSING'));

delete from COMPANY_APP_MODULE where APP_ID = (select APP_ID from APP where APP_NAME ='Reverse Logistics Management')
and MODULE_ID in (select MODULE_ID from MODULE where MODULE_CODE in ('RECEIVING','WORKFLOW','INBOUND','CLAIMS','PROCESSING'));

delete from APP_MODULE where APP_ID = (select APP_ID from APP where APP_NAME ='Reverse Logistics Management')
and MODULE_ID in (select MODULE_ID from MODULE where MODULE_CODE in ('RECEIVING','WORKFLOW','INBOUND','CLAIMS','PROCESSING'));

COMMIT;

update db_build_history set end_dttm=sysdate where version_label='RLMBASE_20130503.2013.1.18.03';

commit;

---- DOMBASE 18.03_01

INSERT INTO DB_BUILD_HISTORY (VERSION_LABEL, START_DTTM, END_DTTM, VERSION_RANGE, APP_BLD_NO) 
  VALUES ('DOMBASE_20130503.2013.1.180301',SYSDATE,SYSDATE,'DOM incremental Release for 2013.1','DOMBASE_20130503.2013.1.18.03_01');
  commit;
  
-- DBTicket DOM-1520
UPDATE XFIELD
SET DATATYPE     = 0,
  XTYPE          = 1,
  XURL           = '/manh/olm/workflow/data/status.json'
WHERE XSCREEN_ID = 280009
AND NAME         = 'status';

commit;


UPDATE DB_BUILD_HISTORY SET END_DTTM=SYSDATE WHERE VERSION_LABEL='DOMBASE_20130503.2013.1.18.03_01';
COMMIT;


---- RLMBASE 18.03_01

insert into db_build_history
   (version_label, start_dttm, end_dttm, version_range, app_bld_no)
values 
   ('RLMBASE_20130503.2013.1.180301',SYSDATE,SYSDATE,'RLM DB Incremental Build-18 for 2013.1','RLMBASE_20130503.2013.1.18.03_01');

commit;

-- DBTicket RLM-620
INSERT INTO PERMISSION_INHERITANCE(PARENT_PERMISSION_ID, CHILD_PERMISSION_ID)
  VALUES((SELECT PERMISSION_ID FROM PERMISSION where PERMISSION_CODE = 'RLM_AOFT'), (SELECT PERMISSION_ID FROM PERMISSION where PERMISSION_CODE = 'RLM_VOFT'));

INSERT INTO PERMISSION_INHERITANCE(PARENT_PERMISSION_ID, CHILD_PERMISSION_ID)
  VALUES((SELECT PERMISSION_ID FROM PERMISSION where PERMISSION_CODE = 'RLM_AOLFT'), (SELECT PERMISSION_ID FROM PERMISSION where PERMISSION_CODE = 'RLM_VOLFT'));
COMMIT;

update db_build_history set end_dttm=sysdate where version_label='RLMBASE_20130503.2013.1.18.03_01';

commit;

-- DBTicket DOM-1520

UPDATE XFIELD
SET DATATYPE     = 0,
  XTYPE          = 1,
  XURL           = '/manh/olm/workflow/data/status.json'
WHERE XSCREEN_ID = 280009
AND NAME         = 'status';

commit;


INSERT INTO DB_BUILD_HISTORY (VERSION_LABEL, START_DTTM, END_DTTM, VERSION_RANGE, APP_BLD_NO) 
VALUES ('DOMBASE_20130607.2013.18.05.01',SYSDATE,SYSDATE,'DOM incremental Release for 2013.1','DOMBASE_20130607.2013.18.05.01');

commit;

--Activivty DOM-1876
Insert into xscreen (XSCREEN_ID,NAME,DESCRIPTION,SCREEN_TYPE,SCREEN_VERSION,SCREEN_MODE,IS_RESIZABLE,CREATED_SOURCE) values (280020,'CommonScreen',     'Common screen',      0,2,2,0,'Manual');
Insert into xscreen (XSCREEN_ID,NAME,DESCRIPTION,SCREEN_TYPE,SCREEN_VERSION,SCREEN_MODE,IS_RESIZABLE,CREATED_SOURCE) values (280022,'Tiles',            'Tile',               0,2,2,0,'Manual');
Insert into xscreen (XSCREEN_ID,NAME,DESCRIPTION,SCREEN_TYPE,SCREEN_VERSION,SCREEN_MODE,IS_RESIZABLE,CREATED_SOURCE) values (280024,'ItemScreen',       'Item Screen',        0,2,2,0,'Manual');
Insert into xscreen (XSCREEN_ID,NAME,DESCRIPTION,SCREEN_TYPE,SCREEN_VERSION,SCREEN_MODE,IS_RESIZABLE,CREATED_SOURCE) values (280026,'OrderScreen',      'Order Screen',       0,2,2,0,'Manual');
Insert into xscreen (XSCREEN_ID,NAME,DESCRIPTION,SCREEN_TYPE,SCREEN_VERSION,SCREEN_MODE,IS_RESIZABLE,CREATED_SOURCE) values (280028,'ReturnScreen',     'Return Screen',      0,2,2,0,'Manual');
Insert into xscreen (XSCREEN_ID,NAME,DESCRIPTION,SCREEN_TYPE,SCREEN_VERSION,SCREEN_MODE,IS_RESIZABLE,CREATED_SOURCE) values (280030,'TransactionScreen','Transaction Screen', 0,2,2,0,'Manual');
Insert into xscreen (XSCREEN_ID,NAME,DESCRIPTION,SCREEN_TYPE,SCREEN_VERSION,SCREEN_MODE,IS_RESIZABLE,CREATED_SOURCE) values (280032,'OrderTransaction', 'Order Transaction',  0,2,2,0,'Manual');
Insert into xscreen (XSCREEN_ID,NAME,DESCRIPTION,SCREEN_TYPE,SCREEN_VERSION,SCREEN_MODE,IS_RESIZABLE,CREATED_SOURCE) values (280034,'ReturnTransaction','Return Transaction', 0,2,2,0,'Manual');
Insert into xscreen (XSCREEN_ID,NAME,DESCRIPTION,SCREEN_TYPE,SCREEN_VERSION,SCREEN_MODE,IS_RESIZABLE,CREATED_SOURCE) values (280036,'ReturnStatus',     'Return Status',      0,2,2,0,'Manual');
commit;


UPDATE DB_BUILD_HISTORY SET END_DTTM=SYSDATE WHERE VERSION_LABEL='DOMBASE_20130607.2013.18.05.01';

COMMIT;



insert into db_build_history
(version_label, start_dttm, end_dttm, version_range, app_bld_no)
values 
('DOMBASE_20130725.2013.18.07',SYSDATE,SYSDATE,'DOM DB Incremental Build  for 2013.1','DOMBASE_20130725.2013.18.07');

commit;

-- DBTicket DOM-2277

INSERT INTO PERMISSION_INHERITANCE(PARENT_PERMISSION_ID, CHILD_PERMISSION_ID)
VALUES((SELECT PERMISSION_ID FROM PERMISSION where PERMISSION_CODE = 'NXGN_AC'),
(SELECT PERMISSION_ID FROM PERMISSION where PERMISSION_CODE = 'NXGN_ECO'));


delete from  PERMISSION_INHERITANCE where 
parent_permission_id =(SELECT PERMISSION_ID FROM PERMISSION where PERMISSION_CODE = 'NXGN_ECO')
and child_permission_id= (SELECT PERMISSION_ID FROM PERMISSION where PERMISSION_CODE = 'NXGN_CCO');
commit;
-- DBTicket DOM-2320

INSERT
INTO xscreen
(
XSCREEN_ID,
NAME,
DESCRIPTION,
SCREEN_TYPE,
SCREEN_VERSION,
SCREEN_MODE,
IS_RESIZABLE,
CREATED_SOURCE,
CREATED_SOURCE_TYPE,
CREATED_DTTM,
LAST_UPDATED_SOURCE,
LAST_UPDATED_SOURCE_TYPE,
LAST_UPDATED_DTTM,
DEFAULT_X,
DEFAULT_Y,
DEFAULT_WIDTH,
DEFAULT_HEIGHT
)
VALUES
(
280040,
'Static Values',
'Static Values for Finite Values, Enumns, Constants etc',
0,2,2,0,
'Manual',
1,
sysdate,
NULL,
1,
sysdate,
125,125,600,400
);
commit;

update db_build_history set end_dttm=sysdate where version_label='DOMBASE_20130725.2013.18.07';

commit;












insert into db_build_history
(version_label, start_dttm, end_dttm, version_range, app_bld_no)
values 
('RLM_BASE_20130725.2013.1.1807',SYSDATE,SYSDATE,'RLM DB Incremental Build - 18 for 2013.1','RLM_BASE_20130725.2013.1.18.07');

commit;

-- DBTicket RLM-909
--Add RLM module for existing companies which have application 'Reverse Logistics Management'

DECLARE
v_count NUMBER;
BEGIN
FOR c IN
( SELECT DISTINCT(company_id) FROM company_app_module WHERE app_id=32
MINUS
SELECT company_id
FROM company_app_module
WHERE app_id  = 32
AND module_id =
(SELECT module_id FROM module WHERE module_code = 'RLM'
)
)
LOOP
SELECT COUNT(*)
INTO v_count
FROM company_app_module cam
WHERE cam.company_id = c.company_id
AND module_id        =
(SELECT module_id FROM module WHERE module_code = 'RLM'
);
IF v_count = 0 THEN
INSERT
INTO company_app_module
(
COMPANY_ID,
APP_ID,
MODULE_ID,
ROW_UID
)
VALUES
(
c.company_id,
32,
(SELECT module_id FROM module WHERE module_code = 'RLM'
),
(SELECT MAX(row_uid)+1 FROM company_app_module
)
);
END IF;
END LOOP;
END;
/

update db_build_history set end_dttm=sysdate where version_label='RLM_BASE_20130725.2013.1.18.07';

commit;

insert into db_build_history
(version_label, start_dttm, end_dttm, version_range, app_bld_no)
values 
('DOMBASE_20130725.2013.18.07.01',SYSDATE,SYSDATE,'DOM DB Incremental Build  for 2013.1','DOMBASE_20130725.2013.18.07.01');

commit;
-- DBTicket DOM-4611
----------------------------------------------Supress Links---------------------------------------------------------------------
DELETE FROM XMENU_ITEM_APP WHERE XMENU_ITEM_ID IN(SELECT XMENU_ITEM_ID FROM XMENU_ITEM WHERE NAME = 'Search Items');
DELETE FROM XMENU_ITEM_PERMISSION WHERE XMENU_ITEM_ID IN(SELECT XMENU_ITEM_ID FROM XMENU_ITEM WHERE NAME = 'Search Items');
DELETE FROM XBASE_MENU_ITEM WHERE XMENU_ITEM_ID IN(SELECT XMENU_ITEM_ID FROM XMENU_ITEM WHERE NAME= 'Search Items');
Delete FROM XMENU_ITEM Where Name = 'Search Items';

DELETE FROM XMENU_ITEM_APP WHERE XMENU_ITEM_ID IN(SELECT XMENU_ITEM_ID FROM XMENU_ITEM WHERE NAME = 'Create Order');
DELETE FROM XMENU_ITEM_PERMISSION WHERE XMENU_ITEM_ID IN(SELECT XMENU_ITEM_ID FROM XMENU_ITEM WHERE NAME = 'Create Order');
DELETE FROM XBASE_MENU_ITEM WHERE XMENU_ITEM_ID IN(SELECT XMENU_ITEM_ID FROM XMENU_ITEM WHERE NAME = 'Create Order');
DELETE FROM XMENU_ITEM where NAME  = 'Create Order';

----------------------------------------------Remove Permissions---------------------------------------------------------------------

DELETE FROM RELTP_APP_MOD_PERM WHERE PERMISSION_ID IN(SELECT PERMISSION_ID FROM PERMISSION WHERE PERMISSION_NAME ='Admin Appeasements');
DELETE FROM COMPANY_TYPE_PERM WHERE PERMISSION_ID IN(SELECT PERMISSION_ID FROM PERMISSION WHERE PERMISSION_NAME ='Admin Appeasements');
DELETE FROM REL_APP_MOD_PERM WHERE PERMISSION_ID IN(SELECT PERMISSION_ID FROM PERMISSION WHERE PERMISSION_NAME ='Admin Appeasements');
DELETE FROM ROLE_APP_MOD_PERM WHERE PERMISSION_ID IN(SELECT PERMISSION_ID FROM PERMISSION WHERE PERMISSION_NAME ='Admin Appeasements');
DELETE FROM APP_MOD_PERM WHERE PERMISSION_ID IN(SELECT PERMISSION_ID FROM PERMISSION WHERE PERMISSION_NAME ='Admin Appeasements');
DELETE FROM PERMISSION_INHERITANCE WHERE CHILD_PERMISSION_ID IN(SELECT PERMISSION_ID FROM PERMISSION WHERE PERMISSION_NAME ='Admin Appeasements');
DELETE FROM PERMISSION_INHERITANCE WHERE PARENT_PERMISSION_ID IN(SELECT PERMISSION_ID FROM PERMISSION WHERE PERMISSION_NAME ='Admin Appeasements');
DELETE PERMISSION WHERE PERMISSION_NAME = 'Admin Appeasements';

DELETE FROM RELTP_APP_MOD_PERM WHERE PERMISSION_ID IN(SELECT PERMISSION_ID FROM PERMISSION WHERE PERMISSION_NAME ='Apply Discount Codes');
DELETE FROM COMPANY_TYPE_PERM WHERE PERMISSION_ID IN(SELECT PERMISSION_ID FROM PERMISSION WHERE PERMISSION_NAME ='Apply Discount Codes');
DELETE FROM REL_APP_MOD_PERM WHERE PERMISSION_ID IN(SELECT PERMISSION_ID FROM PERMISSION WHERE PERMISSION_NAME ='Apply Discount Codes');
DELETE FROM ROLE_APP_MOD_PERM WHERE PERMISSION_ID IN(SELECT PERMISSION_ID FROM PERMISSION WHERE PERMISSION_NAME ='Apply Discount Codes');
DELETE FROM APP_MOD_PERM WHERE PERMISSION_ID IN(SELECT PERMISSION_ID FROM PERMISSION WHERE PERMISSION_NAME ='Apply Discount Codes');
DELETE FROM PERMISSION_INHERITANCE WHERE CHILD_PERMISSION_ID IN(SELECT PERMISSION_ID FROM PERMISSION WHERE PERMISSION_NAME ='Apply Discount Codes');
DELETE FROM PERMISSION_INHERITANCE WHERE PARENT_PERMISSION_ID IN(SELECT PERMISSION_ID FROM PERMISSION WHERE PERMISSION_NAME ='Apply Discount Codes');
DELETE PERMISSION WHERE PERMISSION_NAME = 'Apply Discount Codes';

DELETE FROM RELTP_APP_MOD_PERM WHERE PERMISSION_ID IN(SELECT PERMISSION_ID FROM PERMISSION WHERE PERMISSION_NAME ='Cancel Customer Order');
DELETE FROM COMPANY_TYPE_PERM WHERE PERMISSION_ID IN(SELECT PERMISSION_ID FROM PERMISSION WHERE PERMISSION_NAME ='Cancel Customer Order');
DELETE FROM REL_APP_MOD_PERM WHERE PERMISSION_ID IN(SELECT PERMISSION_ID FROM PERMISSION WHERE PERMISSION_NAME ='Cancel Customer Order');
DELETE FROM ROLE_APP_MOD_PERM WHERE PERMISSION_ID IN(SELECT PERMISSION_ID FROM PERMISSION WHERE PERMISSION_NAME ='Cancel Customer Order');
DELETE FROM APP_MOD_PERM WHERE PERMISSION_ID IN(SELECT PERMISSION_ID FROM PERMISSION WHERE PERMISSION_NAME ='Cancel Customer Order');
DELETE FROM PERMISSION_INHERITANCE WHERE CHILD_PERMISSION_ID IN(SELECT PERMISSION_ID FROM PERMISSION WHERE PERMISSION_NAME ='Cancel Customer Order');
DELETE FROM PERMISSION_INHERITANCE WHERE PARENT_PERMISSION_ID IN(SELECT PERMISSION_ID FROM PERMISSION WHERE PERMISSION_NAME ='Cancel Customer Order');
DELETE PERMISSION WHERE PERMISSION_NAME = 'Cancel Customer Order';

DELETE FROM RELTP_APP_MOD_PERM WHERE PERMISSION_ID IN(SELECT PERMISSION_ID FROM PERMISSION WHERE PERMISSION_NAME ='Create Or Update Customer Master');
DELETE FROM COMPANY_TYPE_PERM WHERE PERMISSION_ID IN(SELECT PERMISSION_ID FROM PERMISSION WHERE PERMISSION_NAME ='Create Or Update Customer Master');
DELETE FROM REL_APP_MOD_PERM WHERE PERMISSION_ID IN(SELECT PERMISSION_ID FROM PERMISSION WHERE PERMISSION_NAME ='Create Or Update Customer Master');
DELETE FROM ROLE_APP_MOD_PERM WHERE PERMISSION_ID IN(SELECT PERMISSION_ID FROM PERMISSION WHERE PERMISSION_NAME ='Create Or Update Customer Master');
DELETE FROM APP_MOD_PERM WHERE PERMISSION_ID IN(SELECT PERMISSION_ID FROM PERMISSION WHERE PERMISSION_NAME ='Create Or Update Customer Master');
DELETE FROM PERMISSION_INHERITANCE WHERE CHILD_PERMISSION_ID IN(SELECT PERMISSION_ID FROM PERMISSION WHERE PERMISSION_NAME ='Create Or Update Customer Master');
DELETE FROM PERMISSION_INHERITANCE WHERE PARENT_PERMISSION_ID IN(SELECT PERMISSION_ID FROM PERMISSION WHERE PERMISSION_NAME ='Create Or Update Customer Master');
DELETE PERMISSION WHERE PERMISSION_NAME = 'Create Or Update Customer Master';

DELETE FROM RELTP_APP_MOD_PERM WHERE PERMISSION_ID IN(SELECT PERMISSION_ID FROM PERMISSION WHERE PERMISSION_NAME ='Create Order for All Stores');
DELETE FROM COMPANY_TYPE_PERM WHERE PERMISSION_ID IN(SELECT PERMISSION_ID FROM PERMISSION WHERE PERMISSION_NAME ='Create Order for All Stores');
DELETE FROM REL_APP_MOD_PERM WHERE PERMISSION_ID IN(SELECT PERMISSION_ID FROM PERMISSION WHERE PERMISSION_NAME ='Create Order for All Stores');
DELETE FROM ROLE_APP_MOD_PERM WHERE PERMISSION_ID IN(SELECT PERMISSION_ID FROM PERMISSION WHERE PERMISSION_NAME ='Create Order for All Stores');
DELETE FROM APP_MOD_PERM WHERE PERMISSION_ID IN(SELECT PERMISSION_ID FROM PERMISSION WHERE PERMISSION_NAME ='Create Order for All Stores');
DELETE FROM PERMISSION_INHERITANCE WHERE CHILD_PERMISSION_ID IN(SELECT PERMISSION_ID FROM PERMISSION WHERE PERMISSION_NAME ='Create Order for All Stores');
DELETE FROM PERMISSION_INHERITANCE WHERE PARENT_PERMISSION_ID IN(SELECT PERMISSION_ID FROM PERMISSION WHERE PERMISSION_NAME ='Create Order for All Stores');
DELETE PERMISSION WHERE PERMISSION_NAME = 'Create Order for All Stores';

DELETE FROM RELTP_APP_MOD_PERM WHERE PERMISSION_ID IN(SELECT PERMISSION_ID FROM PERMISSION WHERE PERMISSION_NAME ='Edit Customer Communication Notes');
DELETE FROM COMPANY_TYPE_PERM WHERE PERMISSION_ID IN(SELECT PERMISSION_ID FROM PERMISSION WHERE PERMISSION_NAME ='Edit Customer Communication Notes');
DELETE FROM REL_APP_MOD_PERM WHERE PERMISSION_ID IN(SELECT PERMISSION_ID FROM PERMISSION WHERE PERMISSION_NAME ='Edit Customer Communication Notes');
DELETE FROM ROLE_APP_MOD_PERM WHERE PERMISSION_ID IN(SELECT PERMISSION_ID FROM PERMISSION WHERE PERMISSION_NAME ='Edit Customer Communication Notes');
DELETE FROM APP_MOD_PERM WHERE PERMISSION_ID IN(SELECT PERMISSION_ID FROM PERMISSION WHERE PERMISSION_NAME ='Edit Customer Communication Notes');
DELETE FROM PERMISSION_INHERITANCE WHERE CHILD_PERMISSION_ID IN(SELECT PERMISSION_ID FROM PERMISSION WHERE PERMISSION_NAME ='Edit Customer Communication Notes');
DELETE FROM PERMISSION_INHERITANCE WHERE PARENT_PERMISSION_ID IN(SELECT PERMISSION_ID FROM PERMISSION WHERE PERMISSION_NAME ='Edit Customer Communication Notes');
DELETE PERMISSION WHERE PERMISSION_NAME = 'Edit Customer Communication Notes';

DELETE FROM RELTP_APP_MOD_PERM WHERE PERMISSION_ID IN(SELECT PERMISSION_ID FROM PERMISSION WHERE PERMISSION_NAME ='Hold Customer Order');
DELETE FROM COMPANY_TYPE_PERM WHERE PERMISSION_ID IN(SELECT PERMISSION_ID FROM PERMISSION WHERE PERMISSION_NAME ='Hold Customer Order');
DELETE FROM REL_APP_MOD_PERM WHERE PERMISSION_ID IN(SELECT PERMISSION_ID FROM PERMISSION WHERE PERMISSION_NAME ='Hold Customer Order');
DELETE FROM ROLE_APP_MOD_PERM WHERE PERMISSION_ID IN(SELECT PERMISSION_ID FROM PERMISSION WHERE PERMISSION_NAME ='Hold Customer Order');
DELETE FROM APP_MOD_PERM WHERE PERMISSION_ID IN(SELECT PERMISSION_ID FROM PERMISSION WHERE PERMISSION_NAME ='Hold Customer Order');
DELETE FROM PERMISSION_INHERITANCE WHERE CHILD_PERMISSION_ID IN(SELECT PERMISSION_ID FROM PERMISSION WHERE PERMISSION_NAME ='Hold Customer Order');
DELETE FROM PERMISSION_INHERITANCE WHERE PARENT_PERMISSION_ID IN(SELECT PERMISSION_ID FROM PERMISSION WHERE PERMISSION_NAME ='Hold Customer Order');
DELETE PERMISSION WHERE PERMISSION_NAME = 'Hold Customer Order';

DELETE FROM RELTP_APP_MOD_PERM WHERE PERMISSION_ID IN(SELECT PERMISSION_ID FROM PERMISSION WHERE PERMISSION_NAME ='Override price');
DELETE FROM COMPANY_TYPE_PERM WHERE PERMISSION_ID IN(SELECT PERMISSION_ID FROM PERMISSION WHERE PERMISSION_NAME ='Override price');
DELETE FROM REL_APP_MOD_PERM WHERE PERMISSION_ID IN(SELECT PERMISSION_ID FROM PERMISSION WHERE PERMISSION_NAME ='Override price');
DELETE FROM ROLE_APP_MOD_PERM WHERE PERMISSION_ID IN(SELECT PERMISSION_ID FROM PERMISSION WHERE PERMISSION_NAME ='Override price');
DELETE FROM APP_MOD_PERM WHERE PERMISSION_ID IN(SELECT PERMISSION_ID FROM PERMISSION WHERE PERMISSION_NAME ='Override price');
DELETE FROM PERMISSION_INHERITANCE WHERE CHILD_PERMISSION_ID IN(SELECT PERMISSION_ID FROM PERMISSION WHERE PERMISSION_NAME ='Override price');
DELETE FROM PERMISSION_INHERITANCE WHERE PARENT_PERMISSION_ID IN(SELECT PERMISSION_ID FROM PERMISSION WHERE PERMISSION_NAME ='Override price');
DELETE PERMISSION WHERE PERMISSION_NAME = 'Override price';

DELETE FROM RELTP_APP_MOD_PERM WHERE PERMISSION_ID IN(SELECT PERMISSION_ID FROM PERMISSION WHERE PERMISSION_NAME ='Override Shipping and handling charges');
DELETE FROM COMPANY_TYPE_PERM WHERE PERMISSION_ID IN(SELECT PERMISSION_ID FROM PERMISSION WHERE PERMISSION_NAME ='Override Shipping and handling charges');
DELETE FROM REL_APP_MOD_PERM WHERE PERMISSION_ID IN(SELECT PERMISSION_ID FROM PERMISSION WHERE PERMISSION_NAME ='Override Shipping and handling charges');
DELETE FROM ROLE_APP_MOD_PERM WHERE PERMISSION_ID IN(SELECT PERMISSION_ID FROM PERMISSION WHERE PERMISSION_NAME ='Override Shipping and handling charges');
DELETE FROM APP_MOD_PERM WHERE PERMISSION_ID IN(SELECT PERMISSION_ID FROM PERMISSION WHERE PERMISSION_NAME ='Override Shipping and handling charges');
DELETE FROM PERMISSION_INHERITANCE WHERE CHILD_PERMISSION_ID IN(SELECT PERMISSION_ID FROM PERMISSION WHERE PERMISSION_NAME ='Override Shipping and handling charges');
DELETE FROM PERMISSION_INHERITANCE WHERE PARENT_PERMISSION_ID IN(SELECT PERMISSION_ID FROM PERMISSION WHERE PERMISSION_NAME ='Override Shipping and handling charges');
DELETE PERMISSION WHERE PERMISSION_NAME = 'Override Shipping and handling charges';

DELETE FROM RELTP_APP_MOD_PERM WHERE PERMISSION_ID IN(SELECT PERMISSION_ID FROM PERMISSION WHERE PERMISSION_NAME ='Price override - override validation');
DELETE FROM COMPANY_TYPE_PERM WHERE PERMISSION_ID IN(SELECT PERMISSION_ID FROM PERMISSION WHERE PERMISSION_NAME ='Price override - override validation');
DELETE FROM REL_APP_MOD_PERM WHERE PERMISSION_ID IN(SELECT PERMISSION_ID FROM PERMISSION WHERE PERMISSION_NAME ='Price override - override validation');
DELETE FROM ROLE_APP_MOD_PERM WHERE PERMISSION_ID IN(SELECT PERMISSION_ID FROM PERMISSION WHERE PERMISSION_NAME ='Price override - override validation');
DELETE FROM APP_MOD_PERM WHERE PERMISSION_ID IN(SELECT PERMISSION_ID FROM PERMISSION WHERE PERMISSION_NAME ='Price override - override validation');
DELETE FROM PERMISSION_INHERITANCE WHERE CHILD_PERMISSION_ID IN(SELECT PERMISSION_ID FROM PERMISSION WHERE PERMISSION_NAME ='Price override - override validation');
DELETE FROM PERMISSION_INHERITANCE WHERE PARENT_PERMISSION_ID IN(SELECT PERMISSION_ID FROM PERMISSION WHERE PERMISSION_NAME ='Price override - override validation');
DELETE PERMISSION WHERE PERMISSION_NAME = 'Price override - override validation';

DELETE FROM RELTP_APP_MOD_PERM WHERE PERMISSION_ID IN(SELECT PERMISSION_ID FROM PERMISSION WHERE PERMISSION_NAME ='SnH charge override- override validations');
DELETE FROM COMPANY_TYPE_PERM WHERE PERMISSION_ID IN(SELECT PERMISSION_ID FROM PERMISSION WHERE PERMISSION_NAME ='SnH charge override- override validations');
DELETE FROM REL_APP_MOD_PERM WHERE PERMISSION_ID IN(SELECT PERMISSION_ID FROM PERMISSION WHERE PERMISSION_NAME ='SnH charge override- override validations');
DELETE FROM ROLE_APP_MOD_PERM WHERE PERMISSION_ID IN(SELECT PERMISSION_ID FROM PERMISSION WHERE PERMISSION_NAME ='SnH charge override- override validations');
DELETE FROM APP_MOD_PERM WHERE PERMISSION_ID IN(SELECT PERMISSION_ID FROM PERMISSION WHERE PERMISSION_NAME ='SnH charge override- override validations');
DELETE FROM PERMISSION_INHERITANCE WHERE CHILD_PERMISSION_ID IN(SELECT PERMISSION_ID FROM PERMISSION WHERE PERMISSION_NAME ='SnH charge override- override validations');
DELETE FROM PERMISSION_INHERITANCE WHERE PARENT_PERMISSION_ID IN(SELECT PERMISSION_ID FROM PERMISSION WHERE PERMISSION_NAME ='SnH charge override- override validations');
DELETE PERMISSION WHERE PERMISSION_NAME = 'SnH charge override- override validations';

DELETE FROM RELTP_APP_MOD_PERM WHERE PERMISSION_ID IN(SELECT PERMISSION_ID FROM PERMISSION WHERE PERMISSION_NAME ='View Customer Communication Email');
DELETE FROM COMPANY_TYPE_PERM WHERE PERMISSION_ID IN(SELECT PERMISSION_ID FROM PERMISSION WHERE PERMISSION_NAME ='View Customer Communication Email');
DELETE FROM REL_APP_MOD_PERM WHERE PERMISSION_ID IN(SELECT PERMISSION_ID FROM PERMISSION WHERE PERMISSION_NAME ='View Customer Communication Email');
DELETE FROM ROLE_APP_MOD_PERM WHERE PERMISSION_ID IN(SELECT PERMISSION_ID FROM PERMISSION WHERE PERMISSION_NAME ='View Customer Communication Email');
DELETE FROM APP_MOD_PERM WHERE PERMISSION_ID IN(SELECT PERMISSION_ID FROM PERMISSION WHERE PERMISSION_NAME ='View Customer Communication Email');
DELETE FROM PERMISSION_INHERITANCE WHERE CHILD_PERMISSION_ID IN(SELECT PERMISSION_ID FROM PERMISSION WHERE PERMISSION_NAME ='View Customer Communication Email');
DELETE FROM PERMISSION_INHERITANCE WHERE PARENT_PERMISSION_ID IN(SELECT PERMISSION_ID FROM PERMISSION WHERE PERMISSION_NAME ='View Customer Communication Email');
DELETE PERMISSION WHERE PERMISSION_NAME = 'View Customer Communication Email';

DELETE FROM RELTP_APP_MOD_PERM WHERE PERMISSION_ID IN(SELECT PERMISSION_ID FROM PERMISSION WHERE PERMISSION_NAME ='View Customer Communication Notes');
DELETE FROM COMPANY_TYPE_PERM WHERE PERMISSION_ID IN(SELECT PERMISSION_ID FROM PERMISSION WHERE PERMISSION_NAME ='View Customer Communication Notes');
DELETE FROM REL_APP_MOD_PERM WHERE PERMISSION_ID IN(SELECT PERMISSION_ID FROM PERMISSION WHERE PERMISSION_NAME ='View Customer Communication Notes');
DELETE FROM ROLE_APP_MOD_PERM WHERE PERMISSION_ID IN(SELECT PERMISSION_ID FROM PERMISSION WHERE PERMISSION_NAME ='View Customer Communication Notes');
DELETE FROM APP_MOD_PERM WHERE PERMISSION_ID IN(SELECT PERMISSION_ID FROM PERMISSION WHERE PERMISSION_NAME ='View Customer Communication Notes');
DELETE FROM PERMISSION_INHERITANCE WHERE CHILD_PERMISSION_ID IN(SELECT PERMISSION_ID FROM PERMISSION WHERE PERMISSION_NAME ='View Customer Communication Notes');
DELETE FROM PERMISSION_INHERITANCE WHERE PARENT_PERMISSION_ID IN(SELECT PERMISSION_ID FROM PERMISSION WHERE PERMISSION_NAME ='View Customer Communication Notes');
DELETE PERMISSION WHERE PERMISSION_NAME = 'View Customer Communication Notes';

DELETE FROM RELTP_APP_MOD_PERM WHERE PERMISSION_ID IN(SELECT PERMISSION_ID FROM PERMISSION WHERE PERMISSION_NAME ='View Invoice');
DELETE FROM COMPANY_TYPE_PERM WHERE PERMISSION_ID IN(SELECT PERMISSION_ID FROM PERMISSION WHERE PERMISSION_NAME ='View Invoice');
DELETE FROM REL_APP_MOD_PERM WHERE PERMISSION_ID IN(SELECT PERMISSION_ID FROM PERMISSION WHERE PERMISSION_NAME ='View Invoice');
DELETE FROM ROLE_APP_MOD_PERM WHERE PERMISSION_ID IN(SELECT PERMISSION_ID FROM PERMISSION WHERE PERMISSION_NAME ='View Invoice');
DELETE FROM APP_MOD_PERM WHERE PERMISSION_ID IN(SELECT PERMISSION_ID FROM PERMISSION WHERE PERMISSION_NAME ='View Invoice');
DELETE FROM PERMISSION_INHERITANCE WHERE CHILD_PERMISSION_ID IN(SELECT PERMISSION_ID FROM PERMISSION WHERE PERMISSION_NAME ='View Invoice');
DELETE FROM PERMISSION_INHERITANCE WHERE PARENT_PERMISSION_ID IN(SELECT PERMISSION_ID FROM PERMISSION WHERE PERMISSION_NAME ='View Invoice');
DELETE PERMISSION WHERE PERMISSION_NAME = 'View Invoice';

DELETE FROM RELTP_APP_MOD_PERM WHERE PERMISSION_ID IN(SELECT PERMISSION_ID FROM PERMISSION WHERE PERMISSION_NAME ='View Prices of All Stores');
DELETE FROM COMPANY_TYPE_PERM WHERE PERMISSION_ID IN(SELECT PERMISSION_ID FROM PERMISSION WHERE PERMISSION_NAME ='View Prices of All Stores');
DELETE FROM REL_APP_MOD_PERM WHERE PERMISSION_ID IN(SELECT PERMISSION_ID FROM PERMISSION WHERE PERMISSION_NAME ='View Prices of All Stores');
DELETE FROM ROLE_APP_MOD_PERM WHERE PERMISSION_ID IN(SELECT PERMISSION_ID FROM PERMISSION WHERE PERMISSION_NAME ='View Prices of All Stores');
DELETE FROM APP_MOD_PERM WHERE PERMISSION_ID IN(SELECT PERMISSION_ID FROM PERMISSION WHERE PERMISSION_NAME ='View Prices of All Stores');
DELETE FROM PERMISSION_INHERITANCE WHERE CHILD_PERMISSION_ID IN(SELECT PERMISSION_ID FROM PERMISSION WHERE PERMISSION_NAME ='View Prices of All Stores');
DELETE FROM PERMISSION_INHERITANCE WHERE PARENT_PERMISSION_ID IN(SELECT PERMISSION_ID FROM PERMISSION WHERE PERMISSION_NAME ='View Prices of All Stores');
DELETE PERMISSION WHERE PERMISSION_NAME = 'View Prices of All Stores';

DELETE FROM RELTP_APP_MOD_PERM WHERE PERMISSION_ID IN(SELECT PERMISSION_ID FROM PERMISSION WHERE PERMISSION_NAME ='View Shipment Details');
DELETE FROM COMPANY_TYPE_PERM WHERE PERMISSION_ID IN(SELECT PERMISSION_ID FROM PERMISSION WHERE PERMISSION_NAME ='View Shipment Details');
DELETE FROM REL_APP_MOD_PERM WHERE PERMISSION_ID IN(SELECT PERMISSION_ID FROM PERMISSION WHERE PERMISSION_NAME ='View Shipment Details');
DELETE FROM ROLE_APP_MOD_PERM WHERE PERMISSION_ID IN(SELECT PERMISSION_ID FROM PERMISSION WHERE PERMISSION_NAME ='View Shipment Details');
DELETE FROM APP_MOD_PERM WHERE PERMISSION_ID IN(SELECT PERMISSION_ID FROM PERMISSION WHERE PERMISSION_NAME ='View Shipment Details');
DELETE FROM PERMISSION_INHERITANCE WHERE CHILD_PERMISSION_ID IN(SELECT PERMISSION_ID FROM PERMISSION WHERE PERMISSION_NAME ='View Shipment Details');
DELETE FROM PERMISSION_INHERITANCE WHERE PARENT_PERMISSION_ID IN(SELECT PERMISSION_ID FROM PERMISSION WHERE PERMISSION_NAME ='View Shipment Details');
DELETE PERMISSION WHERE PERMISSION_NAME = 'View Shipment Details';

DELETE FROM RELTP_APP_MOD_PERM WHERE PERMISSION_ID IN(SELECT PERMISSION_ID FROM PERMISSION WHERE PERMISSION_NAME ='View Store Locator');
DELETE FROM COMPANY_TYPE_PERM WHERE PERMISSION_ID IN(SELECT PERMISSION_ID FROM PERMISSION WHERE PERMISSION_NAME ='View Store Locator');
DELETE FROM REL_APP_MOD_PERM WHERE PERMISSION_ID IN(SELECT PERMISSION_ID FROM PERMISSION WHERE PERMISSION_NAME ='View Store Locator');
DELETE FROM ROLE_APP_MOD_PERM WHERE PERMISSION_ID IN(SELECT PERMISSION_ID FROM PERMISSION WHERE PERMISSION_NAME ='View Store Locator');
DELETE FROM APP_MOD_PERM WHERE PERMISSION_ID IN(SELECT PERMISSION_ID FROM PERMISSION WHERE PERMISSION_NAME ='View Store Locator');
DELETE FROM PERMISSION_INHERITANCE WHERE CHILD_PERMISSION_ID IN(SELECT PERMISSION_ID FROM PERMISSION WHERE PERMISSION_NAME ='View Store Locator');
DELETE FROM PERMISSION_INHERITANCE WHERE PARENT_PERMISSION_ID IN(SELECT PERMISSION_ID FROM PERMISSION WHERE PERMISSION_NAME ='View Store Locator');
Delete Permission Where Permission_Name = 'View Store Locator';
commit;

---------------------------------------Inheriting Permissions------------------------------------------------------------------------------------------------------------------------
INSERT INTO PERMISSION_INHERITANCE(PARENT_PERMISSION_ID, CHILD_PERMISSION_ID)
Values((SELECT PERMISSION_ID FROM PERMISSION WHERE PERMISSION_NAME = 'View Complete Customer Order'),
(SELECT PERMISSION_ID FROM PERMISSION where PERMISSION_NAME = 'View Allocation Trace')); 
commit;

Delete From Permission_Inheritance Where 
Parent_Permission_Id= (Select Permission_Id From Permission Where Permission_Name = 'View Complete Customer Order') And
Child_Permission_Id In(Select Permission_Id From Permission Where Permission_Name In('View Customer Order Allocations','View Invoice','View Shipment Details'));
commit;

------------------------------------------------------------------------------------------------------------------------------------------------------------------
-- DBTicket DOM-4596
update xfield set datatype='6', xtype='5' where xscreen_id=280009 and name = 'started';

update xfield set datatype='6', xtype='5' where xscreen_id=280009 and name = 'ended';
COMMIT;

update db_build_history set end_dttm=sysdate where version_label='DOMBASE_20130725.2013.18.07.01';

commit;










insert into db_build_history
(version_label, start_dttm, end_dttm, version_range, app_bld_no)
values 
('DOMBASE_20130808.2013.18.08',SYSDATE,SYSDATE,'DOM DB Incremental Build  for 2013.1','DOMBASE_20130808.2013.18.08');

commit;
-- DBTicket DOM-2360
insert into LABEL (LABEL_ID, KEY, VALUE, BUNDLE_NAME)
values (SEQ_LABEL_ID.NEXTVAL, 'UCLPermissions_NXGN Apply Coupons', 'NXGN Apply Coupons',
'UCL');

insert into LABEL (LABEL_ID, KEY, VALUE, BUNDLE_NAME)
values (SEQ_LABEL_ID.NEXTVAL, 'UCLPermissions_NXGN Apply Promotions', 'NXGN Apply Promotions',
'UCL');

insert into LABEL (LABEL_ID, KEY, VALUE, BUNDLE_NAME)
values (SEQ_LABEL_ID.NEXTVAL, 'UCLPermissions_NXGN Cancel Customer Order', 'NXGN Cancel Customer Order',
'UCL');

insert into LABEL (LABEL_ID, KEY, VALUE, BUNDLE_NAME)
values (SEQ_LABEL_ID.NEXTVAL, 'UCLPermissions_NXGN Create Customer Order', 'NXGN Create Customer Order',
'UCL');

insert into LABEL (LABEL_ID, KEY, VALUE, BUNDLE_NAME)
values (SEQ_LABEL_ID.NEXTVAL, 'UCLPermissions_NXGN Create or Update Customer Master', 'NXGN Create or Update Customer Master',
'UCL');

insert into LABEL (LABEL_ID, KEY, VALUE, BUNDLE_NAME)
values (SEQ_LABEL_ID.NEXTVAL, 'UCLPermissions_NXGN Create Order for all stores', 'NXGN Create Order for all stores',
'UCL');

insert into LABEL (LABEL_ID, KEY, VALUE, BUNDLE_NAME)
values (SEQ_LABEL_ID.NEXTVAL, 'UCLPermissions_NXGN Edit Customer Order', 'NXGN Edit Customer Order',
'UCL');

insert into LABEL (LABEL_ID, KEY, VALUE, BUNDLE_NAME)
values (SEQ_LABEL_ID.NEXTVAL, 'UCLPermissions_NXGN Hold Customer Order', 'NXGN Hold Customer Order',
'UCL');

insert into LABEL (LABEL_ID, KEY, VALUE, BUNDLE_NAME)
values (SEQ_LABEL_ID.NEXTVAL, 'UCLPermissions_NXGN Override Price', 'NXGN Override Price',
'UCL');

insert into LABEL (LABEL_ID, KEY, VALUE, BUNDLE_NAME)
values (SEQ_LABEL_ID.NEXTVAL, 'UCLPermissions_NXGN Override SnH Charges', 'NXGN Override SnH Charges',
'UCL');

insert into LABEL (LABEL_ID, KEY, VALUE, BUNDLE_NAME)
values (SEQ_LABEL_ID.NEXTVAL, 'UCLPermissions_NXGN Override Validations for Price Override', 'NXGN Override Validations for Price Override',
'UCL');

insert into LABEL (LABEL_ID, KEY, VALUE, BUNDLE_NAME)
values (SEQ_LABEL_ID.NEXTVAL, 'UCLPermissions_NXGN View Prices for all stores', 'NXGN View Prices for all stores',
'UCL');

insert into LABEL (LABEL_ID, KEY, VALUE, BUNDLE_NAME)
values (SEQ_LABEL_ID.NEXTVAL, 'UCLPermissions_View Data Flow', 'View Data Flow',
'UCL');
COMMIT;
-- DBTicket DOM-4624
delete from  PERMISSION_INHERITANCE where 
parent_permission_id =(SELECT PERMISSION_ID FROM PERMISSION where PERMISSION_CODE = 'NXGN_ECO')
and child_permission_id= (SELECT PERMISSION_ID FROM PERMISSION where PERMISSION_CODE = 'NXGN_CUC');

INSERT INTO PERMISSION_INHERITANCE(PARENT_PERMISSION_ID, CHILD_PERMISSION_ID)
VALUES((SELECT PERMISSION_ID FROM PERMISSION where PERMISSION_CODE = 'NXGN_COS'),
(SELECT PERMISSION_ID FROM PERMISSION where PERMISSION_CODE = 'NXGN_ECO'));

INSERT INTO PERMISSION_INHERITANCE(PARENT_PERMISSION_ID, CHILD_PERMISSION_ID)
VALUES((SELECT PERMISSION_ID FROM PERMISSION where PERMISSION_CODE = 'NXGN_CUC'),
(SELECT PERMISSION_ID FROM PERMISSION where PERMISSION_CODE = 'NXGN_ECO'));
COMMIT; 

update db_build_history set end_dttm=sysdate where version_label='DOMBASE_20130808.2013.18.08';

commit;










insert into db_build_history
(version_label, start_dttm, end_dttm, version_range, app_bld_no)
values 
('DOMBASE_20130808.2013.18.08_1',SYSDATE,SYSDATE,'DOM DB Incremental Build  for 2013.1','DOMBASE_20130808.2013.18.08_1');

commit;
-- DBTicket DOM-7022
DELETE FROM RELTP_APP_MOD_PERM WHERE PERMISSION_ID IN(SELECT PERMISSION_ID FROM PERMISSION WHERE PERMISSION_NAME ='Edit Customer Order');
DELETE FROM COMPANY_TYPE_PERM WHERE PERMISSION_ID IN(SELECT PERMISSION_ID FROM PERMISSION WHERE PERMISSION_NAME ='Edit Customer Order');
DELETE FROM REL_APP_MOD_PERM WHERE PERMISSION_ID IN(SELECT PERMISSION_ID FROM PERMISSION WHERE PERMISSION_NAME ='Edit Customer Order');
DELETE FROM ROLE_APP_MOD_PERM WHERE PERMISSION_ID IN(SELECT PERMISSION_ID FROM PERMISSION WHERE PERMISSION_NAME ='Edit Customer Order');
DELETE FROM APP_MOD_PERM WHERE PERMISSION_ID IN(SELECT PERMISSION_ID FROM PERMISSION WHERE PERMISSION_NAME ='Edit Customer Order');
DELETE FROM PERMISSION_INHERITANCE WHERE CHILD_PERMISSION_ID IN(SELECT PERMISSION_ID FROM PERMISSION WHERE PERMISSION_NAME ='Edit Customer Order');
delete from PERMISSION_INHERITANCE where PARENT_PERMISSION_ID in(select PERMISSION_ID from PERMISSION where PERMISSION_NAME ='Edit Customer Order');
--It will be taken care in 2014
--DELETE PERMISSION WHERE PERMISSION_NAME = 'Edit Customer Order';


DELETE FROM RELTP_APP_MOD_PERM WHERE PERMISSION_ID IN(SELECT PERMISSION_ID FROM PERMISSION WHERE PERMISSION_NAME ='Create Customer Order');
DELETE FROM COMPANY_TYPE_PERM WHERE PERMISSION_ID IN(SELECT PERMISSION_ID FROM PERMISSION WHERE PERMISSION_NAME ='Create Customer Order');
DELETE FROM REL_APP_MOD_PERM WHERE PERMISSION_ID IN(SELECT PERMISSION_ID FROM PERMISSION WHERE PERMISSION_NAME ='Create Customer Order');
DELETE FROM ROLE_APP_MOD_PERM WHERE PERMISSION_ID IN(SELECT PERMISSION_ID FROM PERMISSION WHERE PERMISSION_NAME ='Create Customer Order');
DELETE FROM APP_MOD_PERM WHERE PERMISSION_ID IN(SELECT PERMISSION_ID FROM PERMISSION WHERE PERMISSION_NAME ='Create Customer Order');
DELETE FROM PERMISSION_INHERITANCE WHERE CHILD_PERMISSION_ID IN(SELECT PERMISSION_ID FROM PERMISSION WHERE PERMISSION_NAME ='Create Customer Order');
delete from PERMISSION_INHERITANCE where PARENT_PERMISSION_ID in(select PERMISSION_ID from PERMISSION where PERMISSION_NAME ='Create Customer Order');
--It will be taken care in 2014
--delete PERMISSION where PERMISSION_NAME = 'Create Customer Order';
commit;

-- DBTicket DOM-7024
-- Delete NXGN_OSVPO permission

delete from ROLE_APP_MOD_PERM where permission_id = (select permission_id from permission where permission_code = 'NXGN_OSVPO');

delete from RELTP_APP_MOD_PERM where permission_id = (select permission_id from permission where permission_code = 'NXGN_OSVPO');

delete from APP_MOD_PERM where permission_id = (select permission_id from permission where permission_code = 'NXGN_OSVPO');

delete from COMPANY_TYPE_PERM where permission_id = (select permission_id from permission where permission_code = 'NXGN_OSVPO');

delete from permission where permission_code = 'NXGN_OSVPO';
COMMIT;

-- Delete NXGN_VPS permission
delete from ROLE_APP_MOD_PERM where permission_id = (select permission_id from permission where permission_code = 'NXGN_VPS');

delete from RELTP_APP_MOD_PERM where permission_id = (select permission_id from permission where permission_code = 'NXGN_VPS');

delete from APP_MOD_PERM where permission_id = (select permission_id from permission where permission_code = 'NXGN_VPS');

delete from COMPANY_TYPE_PERM where permission_id = (select permission_id from permission where permission_code = 'NXGN_VPS');

delete from permission where permission_code = 'NXGN_VPS';

-- Delete NXGN_SnH permission
delete from ROLE_APP_MOD_PERM where permission_id = (select permission_id from permission where permission_code = 'NXGN_SnH');

delete from RELTP_APP_MOD_PERM where permission_id = (select permission_id from permission where permission_code = 'NXGN_SnH');

delete from APP_MOD_PERM where permission_id = (select permission_id from permission where permission_code = 'NXGN_SnH');

delete from COMPANY_TYPE_PERM where permission_id = (select permission_id from permission where permission_code = 'NXGN_SnH');
delete from PERMISSION_INHERITANCE where PARENT_PERMISSION_ID=(select permission_id from permission where permission_code = 'NXGN_SnH');

delete from permission where permission_code = 'NXGN_SnH';
COMMIT;

update db_build_history set end_dttm=sysdate where version_label='DOMBASE_20130808.2013.18.08_1';

commit;










MERGE INTO DB_BUILD_HISTORY D
     USING (SELECT 'DOMBASE_20130822.2013.18.08_3' VERSION_LABEL
              FROM DUAL) B
        ON (D.VERSION_LABEL = B.VERSION_LABEL )
WHEN NOT MATCHED
THEN
INSERT(VERSION_LABEL, START_DTTM, END_DTTM,VERSION_RANGE, APP_BLD_NO) 
VALUES('DOMBASE_20130822.2013.18.08_3', SYSDATE,SYSDATE,'DOM DB Incremental Build  for 2013.1','DOMBASE_20130822.2013.18.08_3');


commit;

-- DBTicket DOM-7095

INSERT INTO PERMISSION(PERMISSION_ID, PERMISSION_NAME, IS_ACTIVE, COMPANY_ID, PERMISSION_CODE) 
VALUES(SEQ_PERMISSION_ID.NEXTVAL, 'NXGN Override SnH Charges', 1, -1, 'NXGN_SnH');

INSERT INTO PERMISSION_INHERITANCE(PARENT_PERMISSION_ID, CHILD_PERMISSION_ID)
VALUES((SELECT PERMISSION_ID FROM PERMISSION where PERMISSION_CODE = 'NXGN_SnH'),
(SELECT PERMISSION_ID FROM PERMISSION where PERMISSION_CODE = 'NXGN_ECO'));

INSERT INTO APP_MOD_PERM(APP_ID, MODULE_ID, PERMISSION_ID, ROW_UID) 
VALUES((select app_id from app where app_name ='Distributed Order Management'),
(select module_id from module where MODULE_CODE ='DOM' ),
(select PERMISSION_ID from PERMISSION where PERMISSION_CODE='NXGN_SnH'),
(select max(ROW_UID)+4 from app_mod_perm));

INSERT INTO COMPANY_TYPE_PERM(COMPANY_TYPE_ID, PERMISSION_ID, ROW_UID) 
VALUES((SELECT COMPANY_TYPE_ID FROM COMPANY_TYPE WHERE LOWER(DESCRIPTION) = LOWER('Shipper')),
(SELECT PERMISSION_ID FROM PERMISSION where PERMISSION_CODE = 'NXGN_SnH'),
(SELECT MAX(ROW_UID)+4 FROM COMPANY_TYPE_PERM));

INSERT INTO RELTP_APP_MOD_PERM(RELATIONSHIP_TYPE_ID,APP_ID,MODULE_ID,PERMISSION_ID,ROW_UID,IS_PERM_IMPLIED) 
VALUES ((SELECT RELATIONSHIP_TYPE_ID FROM RELATIONSHIP_TYPE WHERE LOWER(DESCRIPTION) = LOWER('Business Partner') 
AND COMPANY_TYPE_ID = (SELECT COMPANY_TYPE_ID FROM COMPANY_TYPE WHERE LOWER(DESCRIPTION) = LOWER('Shipper'))),
(SELECT APP_ID FROM APP WHERE APP_NAME='Distributed Order Management'),
(SELECT MODULE_ID FROM MODULE WHERE MODULE_CODE = 'DOM'),
(SELECT PERMISSION_ID FROM PERMISSION WHERE PERMISSION_CODE='NXGN_SnH'),
(SELECT MAX(ROW_UID)+4 from RELTP_APP_MOD_PERM), 0);

COMMIT;

update db_build_history set end_dttm=sysdate where version_label='DOMBASE_20130822.2013.18.08_3';

commit;










insert into db_build_history
(version_label, start_dttm, end_dttm, version_range, app_bld_no)
values 
('RLMBASE_20130808.2013.1.18.08',SYSDATE,SYSDATE,'RLM DB Incremental Build-18 for 2013.1','RLMBASE_20130808.2013.1.18.08');

commit;
-- DBTicket RLM-1224
INSERT INTO APP_MODULE (APP_ID,MODULE_ID,IS_ACTIVE,ROW_UID) 
values ((select app_id from app where app_short_name ='RLM'),(select module_id from module where MODULE_CODE ='BDM' ),1,(SELECT MAX(ROW_UID) + 4 FROM APP_MODULE));

-- APP/MOD/PERM = Reverse Logistics Management/Common Business Object - Base/Base Data - Administer Customers
INSERT INTO APP_MOD_PERM(APP_ID, MODULE_ID, PERMISSION_ID, ROW_UID) 
VALUES((select app_id from app where app_short_name ='RLM'),
(select module_id from module where MODULE_CODE ='BDM' ),
(select PERMISSION_ID from PERMISSION where PERMISSION_CODE='ASCUST'),
(select max(ROW_UID)+4 from app_mod_perm));

-- APP/MOD/PERM = Reverse Logistics Management/Common Business Object - Base/Base Data - Administer Base Data
INSERT INTO APP_MOD_PERM(APP_ID, MODULE_ID, PERMISSION_ID, ROW_UID) 
VALUES((select app_id from app where app_short_name ='RLM'),
(select module_id from module where MODULE_CODE ='BDM' ),
(select PERMISSION_ID from PERMISSION where PERMISSION_CODE='ABD'),
(select max(ROW_UID)+4 from app_mod_perm));


-- APP/MOD/PERM = Reverse Logistics Management/Common Business Object - Base/Base Data - Administer Facilities
INSERT INTO APP_MOD_PERM(APP_ID, MODULE_ID, PERMISSION_ID, ROW_UID) 
VALUES((select app_id from app where app_short_name ='RLM'),
(select module_id from module where MODULE_CODE ='BDM' ),
(select PERMISSION_ID from PERMISSION where PERMISSION_CODE='ASFAC'),
(select max(ROW_UID)+4 from app_mod_perm));

-- APP/MOD/PERM = Reverse Logistics Management/Common Business Object - Base/Base Data - Administer Next Up Numbers
INSERT INTO APP_MOD_PERM(APP_ID, MODULE_ID, PERMISSION_ID, ROW_UID) 
VALUES((select app_id from app where app_short_name ='RLM'),
(select module_id from module where MODULE_CODE ='BDM' ),
(select PERMISSION_ID from PERMISSION where PERMISSION_CODE='ANXTUPNBR'),
(select max(ROW_UID)+4 from app_mod_perm));


-- APP/MOD/PERM = Reverse Logistics Management/Common Business Object - Base/Base Data - Administer Regions
INSERT INTO APP_MOD_PERM(APP_ID, MODULE_ID, PERMISSION_ID, ROW_UID) 
VALUES((select app_id from app where app_short_name ='RLM'),
(select module_id from module where MODULE_CODE ='BDM' ),
(select PERMISSION_ID from PERMISSION where PERMISSION_CODE='ASRG'),
(select max(ROW_UID)+4 from app_mod_perm));

-- APP/MOD/PERM = Reverse Logistics Management/Common Business Object - Base/Base Data - Administer UOMs
INSERT INTO APP_MOD_PERM(APP_ID, MODULE_ID, PERMISSION_ID, ROW_UID) 
VALUES((select app_id from app where app_short_name ='RLM'),
(select module_id from module where MODULE_CODE ='BDM' ),
(select PERMISSION_ID from PERMISSION where PERMISSION_CODE='AUOM'),
(select max(ROW_UID)+4 from app_mod_perm));

-- APP/MOD/PERM = Reverse Logistics Management/Common Business Object - Base Data - View Customers
INSERT INTO APP_MOD_PERM(APP_ID, MODULE_ID, PERMISSION_ID, ROW_UID) 
VALUES((select app_id from app where app_short_name ='RLM'),
(select module_id from module where MODULE_CODE ='BDM' ),
(select PERMISSION_ID from PERMISSION where PERMISSION_CODE='VSCUST'),
(select max(ROW_UID)+4 from app_mod_perm));

-- APP/MOD/PERM = Reverse Logistics Management/Common Business Object - Base Data - View Facilities
INSERT INTO APP_MOD_PERM(APP_ID, MODULE_ID, PERMISSION_ID, ROW_UID) 
VALUES((select app_id from app where app_short_name ='RLM'),
(select module_id from module where MODULE_CODE ='BDM' ),
(select PERMISSION_ID from PERMISSION where PERMISSION_CODE='VSFAC'),
(select max(ROW_UID)+4 from app_mod_perm));

-- APP/MOD/PERM = Reverse Logistics Management/Common Business Object - Base Data - View Next Up Numbers
INSERT INTO APP_MOD_PERM(APP_ID, MODULE_ID, PERMISSION_ID, ROW_UID) 
VALUES((select app_id from app where app_short_name ='RLM'),
(select module_id from module where MODULE_CODE ='BDM' ),
(select PERMISSION_ID from PERMISSION where PERMISSION_CODE='VNXTUPNBR'),
(select max(ROW_UID)+4 from app_mod_perm));

-- APP/MOD/PERM = Reverse Logistics Management/Common Business Object - Base Data - View Regions
INSERT INTO APP_MOD_PERM(APP_ID, MODULE_ID, PERMISSION_ID, ROW_UID) 
VALUES((select app_id from app where app_short_name ='RLM'),
(select module_id from module where MODULE_CODE ='BDM' ),
(select PERMISSION_ID from PERMISSION where PERMISSION_CODE='VSRG'),
(select max(ROW_UID)+4 from app_mod_perm));

-- APP/MOD/PERM = Reverse Logistics Management/Common Business Object - Base Data - View UOMs
INSERT INTO APP_MOD_PERM(APP_ID, MODULE_ID, PERMISSION_ID, ROW_UID) 
VALUES((select app_id from app where app_short_name ='RLM'),
(select module_id from module where MODULE_CODE ='BDM' ),
(select PERMISSION_ID from PERMISSION where PERMISSION_CODE='VUOM'),
(select max(ROW_UID)+4 from app_mod_perm));

-- APP/MOD/PERM = Reverse Logistics Management/Common Business Object - Items - Administer Items
INSERT INTO APP_MOD_PERM(APP_ID, MODULE_ID, PERMISSION_ID, ROW_UID) 
VALUES((select app_id from app where app_short_name ='RLM'),
(select module_id from module where MODULE_CODE ='BDM' ),
(select PERMISSION_ID from PERMISSION where PERMISSION_CODE='AITEM'),
(select max(ROW_UID)+4 from app_mod_perm));

-- APP/MOD/PERM = Reverse Logistics Management/Common Business Object - Items - View Items
INSERT INTO APP_MOD_PERM(APP_ID, MODULE_ID, PERMISSION_ID, ROW_UID) 
VALUES((select app_id from app where app_short_name ='RLM'),
(select module_id from module where MODULE_CODE ='BDM' ),
(select PERMISSION_ID from PERMISSION where PERMISSION_CODE='VITEM'),
(select max(ROW_UID)+4 from app_mod_perm));


insert into RELTP_APP_MOD_PERM(RELATIONSHIP_TYPE_ID,APP_ID,MODULE_ID,PERMISSION_ID,ROW_UID,IS_PERM_IMPLIED) 
VALUES ((SELECT RELATIONSHIP_TYPE_ID FROM RELATIONSHIP_TYPE WHERE LOWER(DESCRIPTION) = LOWER('Business Partner') 
AND COMPANY_TYPE_ID = (SELECT COMPANY_TYPE_ID FROM COMPANY_TYPE WHERE LOWER(DESCRIPTION) = LOWER('Shipper'))),
(SELECT APP_ID FROM APP WHERE APP_NAME='Reverse Logistics Management'),
(SELECT MODULE_ID FROM MODULE WHERE MODULE_CODE = 'BDM'),
(SELECT PERMISSION_ID FROM PERMISSION WHERE PERMISSION_CODE='ASCUST'),
(SELECT MAX(ROW_UID)+4 from RELTP_APP_MOD_PERM), 0);

insert into RELTP_APP_MOD_PERM(RELATIONSHIP_TYPE_ID,APP_ID,MODULE_ID,PERMISSION_ID,ROW_UID,IS_PERM_IMPLIED) 
VALUES ((SELECT RELATIONSHIP_TYPE_ID FROM RELATIONSHIP_TYPE WHERE LOWER(DESCRIPTION) = LOWER('Business Partner') 
AND COMPANY_TYPE_ID = (SELECT COMPANY_TYPE_ID FROM COMPANY_TYPE WHERE LOWER(DESCRIPTION) = LOWER('Shipper'))),
(SELECT APP_ID FROM APP WHERE APP_NAME='Reverse Logistics Management'),
(SELECT MODULE_ID FROM MODULE WHERE MODULE_CODE = 'BDM'),
(SELECT PERMISSION_ID FROM PERMISSION WHERE PERMISSION_CODE='ABD'),
(SELECT MAX(ROW_UID)+4 from RELTP_APP_MOD_PERM), 0);

insert into RELTP_APP_MOD_PERM(RELATIONSHIP_TYPE_ID,APP_ID,MODULE_ID,PERMISSION_ID,ROW_UID,IS_PERM_IMPLIED) 
VALUES ((SELECT RELATIONSHIP_TYPE_ID FROM RELATIONSHIP_TYPE WHERE LOWER(DESCRIPTION) = LOWER('Business Partner') 
AND COMPANY_TYPE_ID = (SELECT COMPANY_TYPE_ID FROM COMPANY_TYPE WHERE LOWER(DESCRIPTION) = LOWER('Shipper'))),
(SELECT APP_ID FROM APP WHERE APP_NAME='Reverse Logistics Management'),
(SELECT MODULE_ID FROM MODULE WHERE MODULE_CODE = 'BDM'),
(SELECT PERMISSION_ID FROM PERMISSION WHERE PERMISSION_CODE='ASFAC'),
(SELECT MAX(ROW_UID)+4 from RELTP_APP_MOD_PERM), 0);

insert into RELTP_APP_MOD_PERM(RELATIONSHIP_TYPE_ID,APP_ID,MODULE_ID,PERMISSION_ID,ROW_UID,IS_PERM_IMPLIED) 
VALUES ((SELECT RELATIONSHIP_TYPE_ID FROM RELATIONSHIP_TYPE WHERE LOWER(DESCRIPTION) = LOWER('Business Partner') 
AND COMPANY_TYPE_ID = (SELECT COMPANY_TYPE_ID FROM COMPANY_TYPE WHERE LOWER(DESCRIPTION) = LOWER('Shipper'))),
(SELECT APP_ID FROM APP WHERE APP_NAME='Reverse Logistics Management'),
(SELECT MODULE_ID FROM MODULE WHERE MODULE_CODE = 'BDM'),
(SELECT PERMISSION_ID FROM PERMISSION WHERE PERMISSION_CODE='ANXTUPNBR'),
(SELECT MAX(ROW_UID)+4 from RELTP_APP_MOD_PERM), 0);

insert into RELTP_APP_MOD_PERM(RELATIONSHIP_TYPE_ID,APP_ID,MODULE_ID,PERMISSION_ID,ROW_UID,IS_PERM_IMPLIED) 
VALUES ((SELECT RELATIONSHIP_TYPE_ID FROM RELATIONSHIP_TYPE WHERE LOWER(DESCRIPTION) = LOWER('Business Partner') 
AND COMPANY_TYPE_ID = (SELECT COMPANY_TYPE_ID FROM COMPANY_TYPE WHERE LOWER(DESCRIPTION) = LOWER('Shipper'))),
(SELECT APP_ID FROM APP WHERE APP_NAME='Reverse Logistics Management'),
(SELECT MODULE_ID FROM MODULE WHERE MODULE_CODE = 'BDM'),
(SELECT PERMISSION_ID FROM PERMISSION WHERE PERMISSION_CODE='ASRG'),
(SELECT MAX(ROW_UID)+4 from RELTP_APP_MOD_PERM), 0);

insert into RELTP_APP_MOD_PERM(RELATIONSHIP_TYPE_ID,APP_ID,MODULE_ID,PERMISSION_ID,ROW_UID,IS_PERM_IMPLIED) 
VALUES ((SELECT RELATIONSHIP_TYPE_ID FROM RELATIONSHIP_TYPE WHERE LOWER(DESCRIPTION) = LOWER('Business Partner') 
AND COMPANY_TYPE_ID = (SELECT COMPANY_TYPE_ID FROM COMPANY_TYPE WHERE LOWER(DESCRIPTION) = LOWER('Shipper'))),
(SELECT APP_ID FROM APP WHERE APP_NAME='Reverse Logistics Management'),
(SELECT MODULE_ID FROM MODULE WHERE MODULE_CODE = 'BDM'),
(SELECT PERMISSION_ID FROM PERMISSION WHERE PERMISSION_CODE='AUOM'),
(SELECT MAX(ROW_UID)+4 from RELTP_APP_MOD_PERM), 0);

insert into RELTP_APP_MOD_PERM(RELATIONSHIP_TYPE_ID,APP_ID,MODULE_ID,PERMISSION_ID,ROW_UID,IS_PERM_IMPLIED) 
VALUES ((SELECT RELATIONSHIP_TYPE_ID FROM RELATIONSHIP_TYPE WHERE LOWER(DESCRIPTION) = LOWER('Business Partner') 
AND COMPANY_TYPE_ID = (SELECT COMPANY_TYPE_ID FROM COMPANY_TYPE WHERE LOWER(DESCRIPTION) = LOWER('Shipper'))),
(SELECT APP_ID FROM APP WHERE APP_NAME='Reverse Logistics Management'),
(SELECT MODULE_ID FROM MODULE WHERE MODULE_CODE = 'BDM'),
(SELECT PERMISSION_ID FROM PERMISSION WHERE PERMISSION_CODE='VSCUST'),
(SELECT MAX(ROW_UID)+4 from RELTP_APP_MOD_PERM), 0);

insert into RELTP_APP_MOD_PERM(RELATIONSHIP_TYPE_ID,APP_ID,MODULE_ID,PERMISSION_ID,ROW_UID,IS_PERM_IMPLIED) 
VALUES ((SELECT RELATIONSHIP_TYPE_ID FROM RELATIONSHIP_TYPE WHERE LOWER(DESCRIPTION) = LOWER('Business Partner') 
AND COMPANY_TYPE_ID = (SELECT COMPANY_TYPE_ID FROM COMPANY_TYPE WHERE LOWER(DESCRIPTION) = LOWER('Shipper'))),
(SELECT APP_ID FROM APP WHERE APP_NAME='Reverse Logistics Management'),
(SELECT MODULE_ID FROM MODULE WHERE MODULE_CODE = 'BDM'),
(SELECT PERMISSION_ID FROM PERMISSION WHERE PERMISSION_CODE='VSFAC'),
(SELECT MAX(ROW_UID)+4 from RELTP_APP_MOD_PERM), 0);

insert into RELTP_APP_MOD_PERM(RELATIONSHIP_TYPE_ID,APP_ID,MODULE_ID,PERMISSION_ID,ROW_UID,IS_PERM_IMPLIED) 
VALUES ((SELECT RELATIONSHIP_TYPE_ID FROM RELATIONSHIP_TYPE WHERE LOWER(DESCRIPTION) = LOWER('Business Partner') 
AND COMPANY_TYPE_ID = (SELECT COMPANY_TYPE_ID FROM COMPANY_TYPE WHERE LOWER(DESCRIPTION) = LOWER('Shipper'))),
(SELECT APP_ID FROM APP WHERE APP_NAME='Reverse Logistics Management'),
(SELECT MODULE_ID FROM MODULE WHERE MODULE_CODE = 'BDM'),
(SELECT PERMISSION_ID FROM PERMISSION WHERE PERMISSION_CODE='VNXTUPNBR'),
(SELECT MAX(ROW_UID)+4 from RELTP_APP_MOD_PERM), 0);

insert into RELTP_APP_MOD_PERM(RELATIONSHIP_TYPE_ID,APP_ID,MODULE_ID,PERMISSION_ID,ROW_UID,IS_PERM_IMPLIED) 
VALUES ((SELECT RELATIONSHIP_TYPE_ID FROM RELATIONSHIP_TYPE WHERE LOWER(DESCRIPTION) = LOWER('Business Partner') 
AND COMPANY_TYPE_ID = (SELECT COMPANY_TYPE_ID FROM COMPANY_TYPE WHERE LOWER(DESCRIPTION) = LOWER('Shipper'))),
(SELECT APP_ID FROM APP WHERE APP_NAME='Reverse Logistics Management'),
(SELECT MODULE_ID FROM MODULE WHERE MODULE_CODE = 'BDM'),
(SELECT PERMISSION_ID FROM PERMISSION WHERE PERMISSION_CODE='VSRG'),
(SELECT MAX(ROW_UID)+4 from RELTP_APP_MOD_PERM), 0);

insert into RELTP_APP_MOD_PERM(RELATIONSHIP_TYPE_ID,APP_ID,MODULE_ID,PERMISSION_ID,ROW_UID,IS_PERM_IMPLIED) 
VALUES ((SELECT RELATIONSHIP_TYPE_ID FROM RELATIONSHIP_TYPE WHERE LOWER(DESCRIPTION) = LOWER('Business Partner') 
AND COMPANY_TYPE_ID = (SELECT COMPANY_TYPE_ID FROM COMPANY_TYPE WHERE LOWER(DESCRIPTION) = LOWER('Shipper'))),
(SELECT APP_ID FROM APP WHERE APP_NAME='Reverse Logistics Management'),
(SELECT MODULE_ID FROM MODULE WHERE MODULE_CODE = 'BDM'),
(SELECT PERMISSION_ID FROM PERMISSION WHERE PERMISSION_CODE='VUOM'),
(SELECT MAX(ROW_UID)+4 from RELTP_APP_MOD_PERM), 0);

insert into RELTP_APP_MOD_PERM(RELATIONSHIP_TYPE_ID,APP_ID,MODULE_ID,PERMISSION_ID,ROW_UID,IS_PERM_IMPLIED) 
VALUES ((SELECT RELATIONSHIP_TYPE_ID FROM RELATIONSHIP_TYPE WHERE LOWER(DESCRIPTION) = LOWER('Business Partner') 
AND COMPANY_TYPE_ID = (SELECT COMPANY_TYPE_ID FROM COMPANY_TYPE WHERE LOWER(DESCRIPTION) = LOWER('Shipper'))),
(SELECT APP_ID FROM APP WHERE APP_NAME='Reverse Logistics Management'),
(SELECT MODULE_ID FROM MODULE WHERE MODULE_CODE = 'BDM'),
(SELECT PERMISSION_ID FROM PERMISSION WHERE PERMISSION_CODE='AITEM'),
(SELECT MAX(ROW_UID)+4 from RELTP_APP_MOD_PERM), 0);

insert into RELTP_APP_MOD_PERM(RELATIONSHIP_TYPE_ID,APP_ID,MODULE_ID,PERMISSION_ID,ROW_UID,IS_PERM_IMPLIED) 
VALUES ((SELECT RELATIONSHIP_TYPE_ID FROM RELATIONSHIP_TYPE WHERE LOWER(DESCRIPTION) = LOWER('Business Partner') 
AND COMPANY_TYPE_ID = (SELECT COMPANY_TYPE_ID FROM COMPANY_TYPE WHERE LOWER(DESCRIPTION) = LOWER('Shipper'))),
(SELECT APP_ID FROM APP WHERE APP_NAME='Reverse Logistics Management'),
(SELECT MODULE_ID FROM MODULE WHERE MODULE_CODE = 'BDM'),
(SELECT PERMISSION_ID FROM PERMISSION WHERE PERMISSION_CODE='VITEM'),
(SELECT MAX(ROW_UID)+4 from RELTP_APP_MOD_PERM), 0);
COMMIT;
-- DBTicket RLM-958
insert into LABEL (LABEL_ID, KEY, VALUE, BUNDLE_NAME)
values (SEQ_LABEL_ID.NEXTVAL, 'UCLPermissions_Administer Order Fee Template', 'Administer Order Fee Template',
'UCL');

insert into LABEL (LABEL_ID, KEY, VALUE, BUNDLE_NAME)
values (SEQ_LABEL_ID.NEXTVAL, 'UCLPermissions_Administer Order Line Fee Template', 'Administer Order Line Fee Template',
'UCL');

insert into LABEL (LABEL_ID, KEY, VALUE, BUNDLE_NAME)
values (SEQ_LABEL_ID.NEXTVAL, 'UCLPermissions_Approve return line', 'Approve return line',
'UCL');

insert into LABEL (LABEL_ID, KEY, VALUE, BUNDLE_NAME)
values (SEQ_LABEL_ID.NEXTVAL, 'UCLPermissions_Cancel return', 'Cancel return',
'UCL');

insert into LABEL (LABEL_ID, KEY, VALUE, BUNDLE_NAME)
values (SEQ_LABEL_ID.NEXTVAL, 'UCLPermissions_Company Parameter - RLM', 'Company Parameter - RLM',
'UCL');

insert into LABEL (LABEL_ID, KEY, VALUE, BUNDLE_NAME)
values (SEQ_LABEL_ID.NEXTVAL, 'UCLPermissions_Create return', 'Create return',
'UCL');

insert into LABEL (LABEL_ID, KEY, VALUE, BUNDLE_NAME)
values (SEQ_LABEL_ID.NEXTVAL, 'UCLPermissions_Override fees', 'Override fees',
'UCL');

insert into LABEL (LABEL_ID, KEY, VALUE, BUNDLE_NAME)
values (SEQ_LABEL_ID.NEXTVAL, 'UCLPermissions_Override non-exchangeable items', 'Override non-exchangeable items',
'UCL');

insert into LABEL (LABEL_ID, KEY, VALUE, BUNDLE_NAME)
values (SEQ_LABEL_ID.NEXTVAL, 'UCLPermissions_Override non-returnable items', 'Override non-returnable items',
'UCL');

insert into LABEL (LABEL_ID, KEY, VALUE, BUNDLE_NAME)
values (SEQ_LABEL_ID.NEXTVAL, 'UCLPermissions_Process return', 'Process return',
'UCL');

insert into LABEL (LABEL_ID, KEY, VALUE, BUNDLE_NAME)
values (SEQ_LABEL_ID.NEXTVAL, 'UCLPermissions_Re-send return label', 'Re-send return label',
'UCL');

insert into LABEL (LABEL_ID, KEY, VALUE, BUNDLE_NAME)
values (SEQ_LABEL_ID.NEXTVAL, 'UCLPermissions_Return status', 'Return status',
'UCL');

insert into LABEL (LABEL_ID, KEY, VALUE, BUNDLE_NAME)
values (SEQ_LABEL_ID.NEXTVAL, 'UCLPermissions_View Notes', 'View Notes',
'UCL');

insert into LABEL (LABEL_ID, KEY, VALUE, BUNDLE_NAME)
values (SEQ_LABEL_ID.NEXTVAL, 'UCLPermissions_View Order Fee Template', 'View Order Fee Template',
'UCL');

insert into LABEL (LABEL_ID, KEY, VALUE, BUNDLE_NAME)
values (SEQ_LABEL_ID.NEXTVAL, 'UCLPermissions_View Order Line Fee Template', 'View Order Line Fee Template',
'UCL');

insert into LABEL (LABEL_ID, KEY, VALUE, BUNDLE_NAME)
values (SEQ_LABEL_ID.NEXTVAL, 'UCLAppModule_Reverse Logistics Management', 'Reverse Logistics Management',
'UCL');
COMMIT;

update db_build_history set end_dttm=sysdate where version_label='RLMBASE_20130808.2013.1.18.08';

commit;

exit;
